タイムスタンプ,１．性別,２．ご年齢,２．ご職業,３．現在、数学・算数について触れる機会はありますか。,４．「３」について。具体的に触れるのはどういった機会の時ですか。,５．数学・算数は好きですか。,６．「５」で「かなり好き、まあまあ好き」と答えた方へ。数学・算数を好きになった時期はいつですか。,７．「５」で「まあまあ嫌い、かなり嫌い」と答えた方へ。数学・算数を嫌いになった時期はいつですか。,８．何をきっかけに数学・算数を好きに（嫌い）なりましたか。,９．好き（嫌い）になったきっかけについて、より具体的にお聞かせください,１０．数学・算数についての本を、今までに何冊くらい読んだ事がありますか。,１１．もし、自分のレベルに合わせて数学・算数について学ぶ機会を持てるのなら、再び学びたいと思いますか。,１２．「１１」で「かなり思う」「まあまあ思う」「あまり思わない」と答えた方へ。具体的にどの程度学びたいと思いますか。,１３．自分の子どもに、数学・算数を好きになってもらいたいと思いますか。,１４．数学で、一番楽しいと思える分野は何ですか。,１５．数学で、一番苦手な分野は何ですか。,１６．主に、どのような方法で数学を勉強していましたか。
5/16/2019 12:35:31,女性,30歳～34歳,アルバイト・パート,あまり無い方だ,独学で数学の本を読むくらい,まあまあ好き,社会人になってから,,本や番組などがきっかけ,,６～１０冊,かなり思う,週１回２時間以上,かなり思う,三角比・三角関数,計算問題,人から個別に聞いて
5/16/2019 12:38:02,男性,20歳～24歳,社会人,かなりある方だ,数学系イベント,かなり好き,小学校入学以前から,,物心がついたときから・気が付いたら,,１１冊～２０冊,かなり思う,隔週１回２時間程度～週１回２時間程度,かなり思う,整数,平面幾何,数学の本（教科書、参考書を除く）を読んで
5/16/2019 12:38:11,男性,20歳～24歳,大学・短大・専門学生,かなりある方だ,math channelで,かなり好き,小学校時代の算数の時から,,物心がついたときから・気が付いたら,物心ついた時から,６～１０冊,かなり思う,,かなり思う,自分で疑問に思った事を考える時、分野は関係ない,数Ⅲ,特にない
5/16/2019 12:38:22,女性,25歳～29歳,アルバイト・パート,ほとんど無い、まったく無い,,まあまあ嫌い,,高校生後半,学校の授業がきっかけ,,０冊,まあまあ思う,隔週１回２時間程度～週１回２時間程度,まあまあ思う,方程式・不等式,微分・積分,"授業を聞いて, 問題集を解いて"
5/16/2019 12:40:34,女性,15歳～19歳,高校生,かなりある方だ,学校の授業や塾だけでなく、1日1問以上は解くようにしている,かなり好き,高校生前半,,学校の先生がきっかけ,高校の数学の先生が好きだから,１１冊～２０冊,かなり思う,週１回２時間以上,かなり思う,特にない,特にない,"授業を聞いて, 問題集を解いて, 数学の本（教科書、参考書を除く）を読んで, 人から個別に聞いて"
5/16/2019 12:42:32,女性,20歳～24歳,社会人,ほとんど無い、まったく無い,,まあまあ嫌い,,高校生後半,学校の授業がきっかけ,,０冊,まあまあ思う,月１回２時間程度～隔週１回２時間程度,まあまあ思う,方程式・不等式,微分・積分,"授業を聞いて, 問題集を解いて"
5/16/2019 12:44:24,男性,15歳～19歳,高校生,かなりある方だ,授業、自習、動画、SNS、ライブ配信、日常会話,かなり好き,高校生後半,,物心がついたときから・気が付いたら,,３～５冊,かなり思う,週１回２時間以上,かなり思う,微分・積分,ベクトル,"授業を聞いて, 問題集を解いて, 数学の本（教科書、参考書を除く）を読んで, 人から個別に聞いて"
5/16/2019 12:47:01,女性,50歳～54歳,アルバイト・パート,かなりある方だ,塾の講師として授業する時、また数学インストラクター（数学検定協会公認の資格）として色々なイベントに参加する時です。,かなり好き,小学校時代の算数の時から,,テストの点数など,文章問題とかが、クイズみたいで面白かったから。,３１冊～,かなり思う,隔週１回２時間程度～週１回２時間程度,まあまあ思う,確率・組み合わせ,微分・積分,"授業を聞いて, 問題集を解いて"
5/16/2019 12:50:07,女性,35歳～39歳,主婦,あまり無い方だ,子供の宿題のチェック,まあまあ嫌い,,中学生後半,テストの点数など,,０冊,まあまあ思う,月１回２時間未満,まあまあ思う,数列,微分・積分,"授業を聞いて, 問題集を解いて"
5/16/2019 12:50:19,男性,35歳～39歳,社会人,まあまあある方だ,プログラムで四則演算を使うとき,まあまあ嫌い,,中学生前半,学校の授業がきっかけ,学生時代、数学の授業がなんのために存在するのかわからなかったから,０冊,まあまあ思う,月１回２時間未満,まあまあ思う,特にない,全部が一番苦手,勉強してない
5/16/2019 12:50:41,女性,45歳～49歳,主婦,あまり無い方だ,子供に数学を教える時,まあまあ嫌い,,中学生前半,物心がついたときから・気が付いたら,計算に時間がかかり苦手と自覚したから,３１冊～,かなり思う,週１回２時間以上,かなり思う,平面幾何,確率・組み合わせ,"授業を聞いて, 問題集を解いて"
5/16/2019 12:52:04,男性,15歳～19歳,浪人生,かなりある方だ,受験勉強で毎日,かなり好き,小学校入学以前から,,親や兄弟がきっかけ,3歳くらいの頃暇つぶしとして木やタイルの数を数えていた,１、２冊,まあまあ思う,隔週１回２時間程度～週１回２時間程度,かなり思う,数列,確率・組み合わせ,"授業を聞いて, 問題集を解いて, 数学の本（教科書、参考書を除く）を読んで"
5/16/2019 12:53:11,女性,25歳～29歳,社会人,ほとんど無い、まったく無い,,かなり嫌い,,小学校時代の算数の時から,テストの点数など,かけ算の筆算からわからなくなりそのまま泥沼でした。今となってもよくわかりません。,０冊,かなり思う,隔週１回２時間程度～週１回２時間程度,まあまあ思う,特にない,特にない,"授業を聞いて, 問題集を解いて"
5/16/2019 12:54:00,男性,25歳～29歳,アルバイト・パート,まあまあある方だ,趣味で,かなり好き,小学校時代の算数の時から,,物心がついたときから・気が付いたら,,１１冊～２０冊,かなり思う,週１回２時間以上,かなり思う,確率・組み合わせ,微分・積分,"問題集を解いて, 数学の本（教科書、参考書を除く）を読んで"
5/16/2019 12:54:48,男性,15歳～19歳,高校生,かなりある方だ,授業の他、自習で数学を進めており、数学オリンピックへの出場を予定している。,かなり好き,中学生後半,,学校の先生がきっかけ,中学2年生の頃、数学の先生が授業内で軽く虚数について触れ、複素数を調べていき、ロマンを感じた。,１、２冊,まったく思わない,,まあまあ思う,微分・積分,確率・組み合わせ,"授業を聞いて, 問題集を解いて, 人から個別に聞いて, 学校行事の合宿で、自然の中に数学を見出した。"
5/16/2019 12:56:42,女性,25歳～29歳,社会人,かなりある方だ,私立中高数学科の教員です。,まあまあ好き,高校卒業後の進学先で（大学・専門学校など）,,学校の先生がきっかけ,大学のゼミの先生が好きだった,３１冊～,かなり思う,月１回２時間程度～隔週１回２時間程度,まあまあ思う,確率・組み合わせ,数列,"授業を聞いて, 問題集を解いて, 数学の本（教科書、参考書を除く）を読んで"
5/16/2019 13:00:25,女性,15歳～19歳,大学・短大・専門学生,まあまあある方だ,塾で教える,まあまあ嫌い,,小学校時代の算数の時から,気づいたら社会と比べて苦手になっていた。,,１、２冊,かなり思う,週１回２時間以上,まあまあ思う,特にない,計算問題,"授業を聞いて, 問題集を解いて"
5/16/2019 13:00:31,男性,35歳～39歳,社会人,かなりある方だ,趣味で数学やプログラミングをやったり、イベントに参加したりしています。,かなり好き,小学校時代の算数の時から,,物心がついたときから・気が付いたら,ソロバン塾で計算が得意になり、中学受験の進学塾で、勉強量よりも直感でテストの時に頑張れば解ける算数が好きになった。,３１冊～,かなり思う,週１回２時間以上,まあまあ思う,整数論,特にない,問題集を解いて
5/16/2019 13:01:15,男性,40歳～44歳,社会人,かなりある方だ,仕事で数学を教えている。,まあまあ好き,小学校入学以前から,,物心がついたときから・気が付いたら,数字で遊んでた。2をひたすらかけ続けてみたりとか。,６～１０冊,かなり思う,週１回２時間以上,かなり思う,微分・積分,平面幾何,"授業を聞いて, 問題集を解いて"
5/16/2019 13:01:43,男性,20歳～24歳,社会人,あまり無い方だ,,まあまあ好き,小学校時代の算数の時から,,物心がついたときから・気が付いたら,,１、２冊,まあまあ思う,月１回２時間未満,かなり思う,確率・組み合わせ,平面幾何,問題集を解いて
5/16/2019 13:04:07,女性,25歳～29歳,社会人,あまり無い方だ,,まあまあ好き,小学校時代の算数の時から,,テストの点数など,,３～５冊,まあまあ思う,月１回２時間程度～隔週１回２時間程度,かなり思う,微分・積分,集合・論理,"授業を聞いて, 問題集を解いて"
5/16/2019 13:11:46,女性,35歳～39歳,社会人,かなりある方だ,お笑い数学、数学デーや日曜数学会などイベントがたくさんあるので,まあまあ好き,小学校時代の算数の時から,,友人や知人がきっかけ,友達がわかりやすく教えてくれたので楽しく勉強できた,３～５冊,かなり思う,月１回２時間未満,かなり思う,計算問題,数列,問題集を解いて
5/16/2019 13:16:04,男性,35歳～39歳,社会人,ほとんど無い、まったく無い,,まあまあ好き,小学校時代の算数の時から,,物心がついたときから・気が付いたら,,３～５冊,まあまあ思う,月１回２時間程度～隔週１回２時間程度,かなり思う,集合・論理,平面幾何,"授業を聞いて, 問題集を解いて"
5/16/2019 13:16:28,男性,25歳～29歳,社会人,まあまあある方だ,小学生向けの授業設計、PLなどの数字の管理,まあまあ好き,社会人になってから,,友人や知人がきっかけ,宇宙や自然にも数字が隠れていることを考えるとゾクゾクした。ただし得意とはいっていない。,１、２冊,かなり思う,隔週１回２時間程度～週１回２時間程度,かなり思う,特にない,特にない,人から個別に聞いて
5/16/2019 13:17:06,男性,20歳～24歳,大学院生,かなりある方だ,工学系で研究,まあまあ好き,小学校時代の算数の時から,,親や兄弟がきっかけ,中学受験,１、２冊,かなり思う,隔週１回２時間程度～週１回２時間程度,かなり思う,微分・積分,確率・組み合わせ,問題集を解いて
5/16/2019 13:17:12,男性,35歳～39歳,社会人,まあまあある方だ,,まあまあ好き,小学校入学以前から,,本や番組などがきっかけ,,６～１０冊,まあまあ思う,隔週１回２時間程度～週１回２時間程度,かなり思う,計算問題,特にない,授業を聞いて
5/16/2019 13:17:18,男性,30歳～34歳,アルバイト・パート,かなりある方だ,授業を行うため,かなり好き,小学校時代の算数の時から,,物心がついたときから・気が付いたら,,１１冊～２０冊,かなり思う,週１回２時間以上,かなり思う,計算問題,確率・組み合わせ,"授業を聞いて, 問題集を解いて"
5/16/2019 13:20:20,女性,30歳～34歳,社会人,あまり無い方だ,,かなり嫌い,,中学生前半,学校の授業がきっかけ,,０冊,まあまあ思う,隔週１回２時間程度～週１回２時間程度,まあまあ思う,特にない,計算問題,人から個別に聞いて
5/16/2019 13:25:50,男性,20歳～24歳,社会人,まあまあある方だ,数学の本を読んだり身の回りに数学を見つけたり,かなり好き,中学生後半,,物心がついたときから・気が付いたら,,１１冊～２０冊,かなり思う,月１回２時間程度～隔週１回２時間程度,あまり思わない,関数,平面幾何,"授業を聞いて, 問題集を解いて, 数学の本（教科書、参考書を除く）を読んで"
5/16/2019 13:27:12,女性,55歳～59歳,社会人,かなりある方だ,仕事として。,かなり好き,高校生前半,,学校の授業がきっかけ,規則性や空間の広がりが面白いと思った,３１冊～,かなり思う,月１回２時間程度～隔週１回２時間程度,まあまあ思う,関数,整数論,問題集を解いて
5/16/2019 13:29:14,男性,25歳～29歳,社会人,ほとんど無い、まったく無い,,かなり好き,高校生前半,,学校の先生がきっかけ,,３～５冊,かなり思う,月１回２時間程度～隔週１回２時間程度,かなり思う,微分・積分,確率・組み合わせ,授業を聞いて
5/16/2019 13:29:16,女性,25歳～29歳,社会人,かなりある方だ,教員,まあまあ好き,中学生前半,,学校の先生がきっかけ,,３１冊～,かなり思う,隔週１回２時間程度～週１回２時間程度,かなり思う,平面幾何,微分・積分,"授業を聞いて, 問題集を解いて, 数学の本（教科書、参考書を除く）を読んで"
5/16/2019 13:30:02,女性,15歳～19歳,高校生,かなりある方だ,授業、小説、あとは趣味,かなり好き,中学生後半,,友人や知人がきっかけ,数学が元から苦手で嫌いだったけど、友人にわからない所を聞いているうちに数学の魅力に惹かれ、また数学に関する本をその頃から読んでいたこともあり、とても好きになりました。苦手なことには変わりないのですが。,１１冊～２０冊,かなり思う,隔週１回２時間程度～週１回２時間程度,かなり思う,計算問題,計算問題,"授業を聞いて, 数学の本（教科書、参考書を除く）を読んで, 人から個別に聞いて"
5/16/2019 13:33:27,女性,45歳～49歳,主婦,まあまあある方だ,趣味で数学を勉強してます,かなり嫌い,,中学生後半,中学校の証明問題でつまずいた。,証明問題という、言葉で説明するということに違和感があった,１、２冊,かなり思う,隔週１回２時間程度～週１回２時間程度,かなり思う,方程式・不等式,関数,"問題集を解いて, 人から個別に聞いて"
5/16/2019 13:39:22,女性,25歳～29歳,社会人,あまり無い方だ,趣味感覚で過去に使っていた問題集などを解く,かなり好き,中学生後半,,物心がついたときから・気が付いたら,,１１冊～２０冊,かなり思う,月１回２時間程度～隔週１回２時間程度,かなり思う,数列,計算問題,"授業を聞いて, 問題集を解いて, 数学の本（教科書、参考書を除く）を読んで, 人から個別に聞いて"
5/16/2019 13:48:48,男性,40歳～44歳,社会人,まあまあある方だ,仕事でプログラミングするとき、子供向けのレッスンを考える時,かなり好き,小学校時代の算数の時から,,物心がついたときから・気が付いたら,,１、２冊,まったく思わない,,あまり思わない,log とか e とか i とかの概念がおもしろいって思いました。,特にない,"授業を聞いて, 問題集を解いて"
5/16/2019 13:55:30,女性,30歳～34歳,社会人,あまり無い方だ,仕事で。毎月の収支報告書の作成や、土地面積を計算するとかは、日常的にあります。,まあまあ好き,小学校時代の算数の時から,,そろばん教室に通っていたから,,０冊,まあまあ思う,月１回２時間未満,まあまあ思う,方程式・不等式,集合・論理,"授業を聞いて, 問題集を解いて"
5/16/2019 14:01:15,男性,60歳～,アルバイト・パート,ほとんど無い、まったく無い,,かなり好き,高校生後半,,参考書がきっかけ,１、参考書で美しい解き方に接して　２、どんな方法であれ、辻褄さえ合っていればOKなんだと理解したとき,６～１０冊,かなり思う,週１回２時間以上,かなり思う,微分・積分,極座標,数学の本（教科書、参考書を除く）を読んで
5/16/2019 14:01:26,男性,40歳～44歳,社会人,あまり無い方だ,事務系の仕事で四則演算程度,かなり好き,小学校入学以前から,,物心がついたときから・気が付いたら,解がハッキリしてるところ,６～１０冊,かなり思う,隔週１回２時間程度～週１回２時間程度,かなり思う,方程式・不等式,ベクトル,"授業を聞いて, 数学の本（教科書、参考書を除く）を読んで"
5/16/2019 14:03:05,女性,20歳～24歳,大学・短大・専門学生,かなりある方だ,試験対策や研究等,まあまあ好き,中学生前半,,学校の先生がきっかけ,数学科の先生がとても良い方だった。人としても教師としても。,１、２冊,かなり思う,月１回２時間未満,かなり思う,関数,確率・組み合わせ,問題集を解いて
5/16/2019 14:04:07,男性,35歳～39歳,社会人,かなりある方だ,お客様の訪問、課金された情報の抽出,まあまあ嫌い,,小学校時代の算数の時から,学校の授業がきっかけ,テストで良い点をとれなかった。計算が嫌いだった。割合がさっぱり分からず、ものすごく苦手意識があった。,３～５冊,かなり思う,月１回２時間未満,かなり思う,特にない,確率・組み合わせ,"授業を聞いて, 問題集を解いて"
5/16/2019 14:17:23,女性,30歳～34歳,社会人,かなりある方だ,中学の教員です。担当教科は違いますが、生徒との会話で出てきます。つまずきのある生徒に担任として教えることもあります。,まあまあ好き,中学生前半,,学校の授業がきっかけ,数学は超苦手です。センターはIとII合わせて50点です。でも、中学の授業が楽しかったこと、そして高校の先生は、美しいか、美しくないかで数式を語る先生で、先生の語る数学が好きでした。,１、２冊,あまり思わない,隔週１回２時間程度～週１回２時間程度,かなり思う,微分・積分,計算問題,"授業を聞いて, 問題集を解いて, 人から個別に聞いて"
5/16/2019 14:19:14,男性,20歳～24歳,大学院生,かなりある方だ,数学を専攻しているので,かなり好き,中学生前半,,学校の授業がきっかけ,"正負の数の掛け算の符号と+,-の本数の関係",１１冊～２０冊,かなり思う,隔週１回２時間程度～週１回２時間程度,まあまあ思う,代数学(整数論),平面幾何,"授業を聞いて, 数学の本（教科書、参考書を除く）を読んで, 人から個別に聞いて"
5/16/2019 14:20:41,男性,15歳～19歳,高校生,かなりある方だ,授業、受験勉強,かなり好き,小学校入学以前から,,物心がついたときから・気が付いたら,,３～５冊,かなり思う,月１回２時間程度～隔週１回２時間程度,かなり思う,微分・積分,ベクトル,"授業を聞いて, 問題集を解いて, 数学の本（教科書、参考書を除く）を読んで"
5/16/2019 14:21:00,男性,25歳～29歳,社会人,ほとんど無い、まったく無い,,まあまあ好き,中学生後半,,学校の授業がきっかけ, 場合の数、確率計算で、愚直に計算する方法もあるが、考え方変えてサクッと計算する方法を思いついた時,０冊,かなり思う,月１回２時間程度～隔週１回２時間程度,かなり思う,微分・積分,平面幾何,"授業を聞いて, 問題集を解いて, 数学の本（教科書、参考書を除く）を読んで"
5/16/2019 14:21:42,女性,45歳～49歳,社会人,ほとんど無い、まったく無い,,まあまあ好き,小学校時代の算数の時から,,学校の授業がきっかけ,,０冊,かなり思う,隔週１回２時間程度～週１回２時間程度,かなり思う,集合・論理,数列,授業を聞いて
5/16/2019 14:28:05,男性,30歳～34歳,社会人,かなりある方だ,仕事,まあまあ好き,小学校時代の算数の時から,,物心がついたときから・気が付いたら,国語と違い答えが必ず決まっていたから,３１冊～,まあまあ思う,隔週１回２時間程度～週１回２時間程度,まあまあ思う,計算問題,確率・組み合わせ,問題集を解いて
5/16/2019 14:32:36,女性,30歳～34歳,社会人,あまり無い方だ,仕事でデータを扱うとき。あとはクイズなどが好きでそのなかで？,まあまあ好き,小学校時代の算数の時から,,テストの点数など,解けた感覚がとにかく楽しかった,３～５冊,まあまあ思う,月１回２時間程度～隔週１回２時間程度,かなり思う,方程式・不等式,微分・積分,特にない
5/16/2019 14:47:20,女性,30歳～34歳,社会人,まあまあある方だ,経理担当のため,まあまあ好き,高校卒業後の進学先で（大学・専門学校など）,,テストの点数など,なんでこんなに数学ができるの？とほめられました。自分ではたいしたことないと思ってたので、自信になり好きになりました。,０冊,あまり思わない,,かなり思う,計算問題,微分・積分,"授業を聞いて, 問題集を解いて"
5/16/2019 14:47:32,男性,15歳～19歳,大学・短大・専門学生,かなりある方だ,学業,まあまあ好き,小学校時代の算数の時から,,本や番組などがきっかけ,,１１冊～２０冊,かなり思う,隔週１回２時間程度～週１回２時間程度,かなり思う,平面幾何,行列,"授業を聞いて, 問題集を解いて, 数学の本（教科書、参考書を除く）を読んで, 人から個別に聞いて"
5/16/2019 14:49:48,男性,30歳～34歳,社会人,ほとんど無い、まったく無い,,まあまあ好き,小学校時代の算数の時から,,塾の授業がきっかけ,,０冊,あまり思わない,月１回２時間未満,かなり思う,確率・組み合わせ,ベクトル,"授業を聞いて, 問題集を解いて, 数学の本（教科書、参考書を除く）を読んで"
5/16/2019 14:54:06,女性,45歳～49歳,主婦,あまり無い方だ,小学校運動会の保護者用トイレを確保するために、統計情報を読む。,まあまあ好き,中学生後半,,学校の授業がきっかけ,物理の先生が理論的だったから,１１冊～２０冊,かなり思う,月１回２時間未満,かなり思う,統計,計算問題,授業を聞いて
5/16/2019 14:56:01,男性,50歳～54歳,社会人,まあまあある方だ,業務遂行のための統計計算、電磁気学関連計算など。,まあまあ好き,小学校時代の算数の時から,,学校の先生がきっかけ,授業の際に衛星が地球の重力を離れるための条件に関して話をしてもらったとき。,６～１０冊,かなり思う,隔週１回２時間程度～週１回２時間程度,かなり思う,計算問題,確率・組み合わせ,問題集を解いて
5/16/2019 15:04:24,女性,25歳～29歳,社会人,あまり無い方だ,アナリストなので、統計の概念やるときは触れるくらい。基本概念よりコード書くから触れない。,まあまあ好き,高校生前半,,学校の先生がきっかけ,,１、２冊,あまり思わない,,まあまあ思う,どれも楽しい。ベクトル以外。,ベクトル,"授業を聞いて, 問題集を解いて, 人から個別に聞いて"
5/16/2019 15:09:04,女性,15歳～19歳,高校生,かなりある方だ,学校の授業、ゼミ,かなり好き,小学校時代の算数の時から,,物心がついたときから・気が付いたら,,６～１０冊,かなり思う,月１回２時間程度～隔週１回２時間程度,かなり思う,計算問題,平面幾何,問題集を解いて
5/16/2019 15:13:24,女性,45歳～49歳,社会人,まあまあある方だ,今更数検受けてるのと、数学の雑学本が好きなので。,かなり好き,社会人になってから,,本や番組などがきっかけ,生物からで、素数ゼミとフィボナッチ数列を知ってから、もっと数学を知りたくなったため。,１１冊～２０冊,かなり思う,月１回２時間未満,かなり思う,特にない,微分・積分,人から個別に聞いて
5/16/2019 15:26:31,女性,40歳～44歳,社会人,あまり無い方だ,仕事で経費精算したり、プライベートで資産管理したりするぐらい。,まあまあ嫌い,,中学生後半,親や兄弟がきっかけ,車にのると、時速の計算とかさせられて全然わからなかった。,０冊,かなり思う,月１回２時間程度～隔週１回２時間程度,かなり思う,特にない,微分・積分,授業を聞いて
5/16/2019 15:31:53,女性,15歳～19歳,大学・短大・専門学生,ほとんど無い、まったく無い,,かなり嫌い,,小学校時代の算数の時から,物心がついたときから・気が付いたら,,０冊,まったく思わない,,あまり思わない,特にない,確率・組み合わせ,"授業を聞いて, 数学の本（教科書、参考書を除く）を読んで"
5/16/2019 15:33:38,男性,25歳～29歳,社会人,ほとんど無い、まったく無い,,まあまあ嫌い,,高校生後半,学校の授業がきっかけ,,０冊,まあまあ思う,月１回２時間未満,かなり思う,特にない,微分・積分,授業を聞いて
5/16/2019 15:36:36,女性,30歳～34歳,社会人,あまり無い方だ,,かなり嫌い,,小学校時代の算数の時から,物心がついたときから・気が付いたら,,０冊,まったく思わない,,かなり思う,特にない,関数,"授業を聞いて, 問題集を解いて, 数学の本（教科書、参考書を除く）を読んで"
5/16/2019 15:51:09,男性,25歳～29歳,社会人,かなりある方だ,業務(教育系)及び趣味で。,かなり好き,中学生後半,,物心がついたときから・気が付いたら,,６～１０冊,かなり思う,隔週１回２時間程度～週１回２時間程度,かなり思う,微分・積分,特にない,"授業を聞いて, 問題集を解いて"
5/16/2019 15:55:13,男性,25歳～29歳,社会人,まあまあある方だ,,かなり好き,小学校時代の算数の時から,,物心がついたときから・気が付いたら,,３１冊～,かなり思う,週１回２時間以上,かなり思う,確率・組み合わせ,微分・積分,授業を聞いて
5/16/2019 15:57:36,男性,25歳～29歳,社会人,かなりある方だ,勉強している時,かなり好き,小学校時代の算数の時から,,本や番組などがきっかけ,,３１冊～,かなり思う,週１回２時間以上,かなり思う,平面幾何,ベクトル,問題集を解いて
5/16/2019 16:06:40,男性,20歳～24歳,社会人,あまり無い方だ,,まあまあ好き,小学校時代の算数の時から,,本や番組などがきっかけ,『数の悪魔』という本。とくにパスカルの三角形の話,６～１０冊,かなり思う,月１回２時間未満,かなり思う,確率・組み合わせ,ベクトル,"授業を聞いて, 数学の本（教科書、参考書を除く）を読んで"
5/16/2019 16:33:24,男性,20歳～24歳,大学院生,かなりある方だ,研究、3D CG、Kaggle,かなり好き,小学校時代の算数の時から,,物心がついたときから・気が付いたら,,３１冊～,かなり思う,月１回２時間程度～隔週１回２時間程度,かなり思う,確率・組み合わせ,群論,"授業を聞いて, 問題集を解いて, 数学の本（教科書、参考書を除く）を読んで, 人から個別に聞いて"
5/16/2019 16:35:12,女性,40歳～44歳,社会人,まあまあある方だ,仕事中。子供に教える時,まあまあ好き,高校生後半,,テストの点数など,,６～１０冊,まあまあ思う,月１回２時間程度～隔週１回２時間程度,かなり思う,確率・組み合わせ,集合・論理,"授業を聞いて, 問題集を解いて, 数学の本（教科書、参考書を除く）を読んで"
5/16/2019 16:52:07,男性,35歳～39歳,社会人,あまり無い方だ,子どもに教えるとき。仕事でデータの管理をするとき,まあまあ好き,小学校入学以前から,,親や兄弟がきっかけ,母親が公文式の教室を開いていて生徒と一緒に解いていた,０冊,まあまあ思う,週１回２時間以上,かなり思う,確率・組み合わせ,微分・積分,"授業を聞いて, 問題集を解いて"
5/16/2019 17:06:00,女性,35歳～39歳,社会人,あまり無い方だ,,まあまあ好き,中学生前半,,本や番組などがきっかけ,中学の教科書が何かのタイミングで理解につながって、美しいと思ったから。,３１冊～,かなり思う,週１回２時間以上,かなり思う,平面幾何,平面幾何,"授業を聞いて, 問題集を解いて, 数学の本（教科書、参考書を除く）を読んで"
5/16/2019 17:47:00,女性,35歳～39歳,社会人,かなりある方だ,通常業務で,まあまあ好き,小学校時代の算数の時から,,物心がついたときから・気が付いたら,,１１冊～２０冊,かなり思う,月１回２時間程度～隔週１回２時間程度,かなり思う,三角比・三角関数,確率・組み合わせ,"授業を聞いて, 問題集を解いて"
5/16/2019 17:53:30,男性,15歳～19歳,高校生,かなりある方だ,学校、受験勉強、大学数学,かなり好き,小学校時代の算数の時から,,物心がついたときから・気が付いたら,Γ関数,６～１０冊,かなり思う,週１回２時間以上,かなり思う,Γ関数,群論,問題集を解いて
5/16/2019 17:55:40,男性,25歳～29歳,社会人,ほとんど無い、まったく無い,,まあまあ嫌い,中学生後半,中学生後半,テストの点数など,,３～５冊,まあまあ思う,隔週１回２時間程度～週１回２時間程度,かなり思う,確率・組み合わせ,微分・積分,授業を聞いて
5/16/2019 18:33:35,男性,30歳～34歳,自営業,ほとんど無い、まったく無い,,かなり好き,小学校時代の算数の時から,,問題を解くのが楽しかったから,小学校時代のテストはほぼ満点で、解いて正解するのが楽しかった。,０冊,まったく思わない,,かなり思う,関数,特にない,授業を聞いて
5/16/2019 18:41:08,女性,20歳～24歳,アルバイト・パート,ほとんど無い、まったく無い,,かなり嫌い,,高校生前半,テストの点数など,,０冊,まったく思わない,,まったく思わない,特にない,集合・論理,"授業を聞いて, 問題集を解いて"
5/16/2019 19:14:43,女性,20歳～24歳,社会人,ほとんど無い、まったく無い,,まあまあ嫌い,,高校生前半,学校の授業がきっかけ,,１、２冊,あまり思わない,月１回２時間未満,かなり思う,集合・論理,確率・組み合わせ,人から個別に聞いて
5/16/2019 19:44:47,女性,40歳～44歳,アルバイト・パート,あまり無い方だ,子どもの宿題 ,まあまあ好き,小学校時代の算数の時から,,物心がついたときから・気が付いたら,,１、２冊,あまり思わない,月１回２時間程度～隔週１回２時間程度,まあまあ思う,方程式・不等式,集合・論理,"授業を聞いて, 問題集を解いて"
5/16/2019 20:02:50,女性,40歳～44歳,主婦,まあまあある方だ,子供学習に付き合う時等,まあまあ嫌い,,高校生後半,学校の授業がきっかけ,テストの順位競争がきつかった,６～１０冊,かなり思う,月１回２時間程度～隔週１回２時間程度,かなり思う,方程式・不等式,ベクトル,授業を聞いて
5/16/2019 21:04:55,男性,50歳～54歳,社会人,かなりある方だ,理系の人との意図的な会話（数学ネタにする）,かなり好き,小学校入学以前から,,物心がついたときから・気が付いたら,,１１冊～２０冊,かなり思う,月１回２時間未満,かなり思う,三角比・三角関数,ベクトル,"授業を聞いて, 問題集を解いて, 数学の本（教科書、参考書を除く）を読んで, NHK 通信高校講座"
5/16/2019 21:11:47,女性,25歳～29歳,社会人,あまり無い方だ,,まあまあ好き,中学生後半,,学校の先生がきっかけ,,１、２冊,まあまあ思う,隔週１回２時間程度～週１回２時間程度,まあまあ思う,確率・組み合わせ,微分・積分,"授業を聞いて, 問題集を解いて, 人から個別に聞いて"
5/16/2019 21:19:43,男性,35歳～39歳,社会人,あまり無い方だ,,かなり好き,小学校時代の算数の時から,,学校の先生がきっかけ,,３１冊～,かなり思う,月１回２時間程度～隔週１回２時間程度,かなり思う,微分・積分,平面幾何,"授業を聞いて, 問題集を解いて, 数学の本（教科書、参考書を除く）を読んで, 人から個別に聞いて"
5/16/2019 21:34:55,男性,30歳～34歳,社会人,かなりある方だ,新事業立ち上げる時。数字だけでなく理論的な考え方として日々使ってる。,かなり好き,高校生後半,,塾の先生がきっかけ,解ける解けないではなく、理論的で面白い。,０冊,まあまあ思う,隔週１回２時間程度～週１回２時間程度,かなり思う,三角比・三角関数,ベクトル,"授業を聞いて, 問題集を解いて"
5/16/2019 22:32:58,男性,25歳～29歳,社会人,ほとんど無い、まったく無い,,まあまあ好き,小学校時代の算数の時から,,塾の先生がきっかけ,,３～５冊,まあまあ思う,隔週１回２時間程度～週１回２時間程度,かなり思う,関数,確率・組み合わせ,授業を聞いて
5/16/2019 22:35:13,女性,20歳～24歳,社会人,まあまあある方だ,仕事,まあまあ好き,小学校入学以前から,,物心がついたときから・気が付いたら,答えが出る。だいたいパターン化されている。,１、２冊,まあまあ思う,隔週１回２時間程度～週１回２時間程度,まあまあ思う,方程式・不等式,集合・論理,"授業を聞いて, 問題集を解いて"
5/16/2019 22:51:24,男性,50歳～54歳,社会人,あまり無い方だ,,まあまあ好き,小学校時代の算数の時から,,物心がついたときから・気が付いたら,,１、２冊,まあまあ思う,隔週１回２時間程度～週１回２時間程度,まあまあ思う,確率・組み合わせ,微分・積分,"授業を聞いて, 問題集を解いて"
5/16/2019 22:55:26,男性,15歳～19歳,高校生,かなりある方だ,授業,まあまあ嫌い,,中学生前半,テストの点数など,点が取れない,０冊,まあまあ思う,月１回２時間未満,あまり思わない,足し算,全部,"授業を聞いて, 問題集を解いて, 人から個別に聞いて"
5/16/2019 23:42:45,男性,20歳～24歳,大学・短大・専門学生,かなりある方だ,大学が数学科だから,かなり好き,小学校時代の算数の時から,,塾の先生がきっかけ,一番頭を使うから,２１冊～３０冊,まあまあ思う,週１回２時間以上,まあまあ思う,微分・積分,平面幾何,問題集を解いて
5/17/2019 0:11:06,男性,40歳～44歳,社会人,まあまあある方だ,データ統計分析など,まあまあ嫌い,,中学生前半,学校の授業がきっかけ,それを解くことがなぜ必要なのか、人生にどう作用するのかが分からず、自分ごとに出来なかった,１１冊～２０冊,まあまあ思う,月１回２時間未満,かなり思う,特にない,全般的に嫌いです,"授業を聞いて, 問題集を解いて, 数学の本（教科書、参考書を除く）を読んで, 人から個別に聞いて"
5/17/2019 0:17:54,男性,40歳～44歳,社会人,かなりある方だ,独学で専門書を読んで勉強しています,かなり好き,小学校入学以前から,,物心がついたときから・気が付いたら,小さい頃から公文式に通っていて、新しい事を知るのが楽しかったです,３１冊～,まあまあ思う,月１回２時間程度～隔週１回２時間程度,かなり思う,集合・論理,ベクトル,"問題集を解いて, 数学の本（教科書、参考書を除く）を読んで"
5/17/2019 0:36:23,女性,40歳～44歳,主婦,まあまあある方だ,子どもの勉強,かなり嫌い,,中学生前半,テストの点数など,,０冊,まあまあ思う,月１回２時間未満,かなり思う,集合・論理,だいたい全部,"授業を聞いて, 問題集を解いて"
5/17/2019 0:38:26,女性,20歳～24歳,大学・短大・専門学生,あまり無い方だ,心理学の実験で統計を使うとき,まあまあ嫌い,,中学生前半,テストの点数など,,０冊,まあまあ思う,隔週１回２時間程度～週１回２時間程度,まあまあ思う,計算問題,確率・組み合わせ,"授業を聞いて, 問題集を解いて, 人から個別に聞いて"
5/17/2019 0:42:01,男性,20歳～24歳,大学院生,まあまあある方だ,研究(主に統計手法として)、趣味,まあまあ好き,高校生前半,,学校の先生がきっかけ,数学Ⅰの集合論の話で、好きになった,６～１０冊,かなり思う,週１回２時間以上,まあまあ思う,集合・論理,平面幾何,"授業を聞いて, 数学の本（教科書、参考書を除く）を読んで"
5/17/2019 0:49:50,女性,40歳～44歳,社会人,まあまあある方だ,息子たちの宿題やお勉強,まあまあ好き,小学校時代の算数の時から,,物心がついたときから・気が付いたら,クイズやなぞなぞをとくみたいだった。,３～５冊,まあまあ思う,月１回２時間程度～隔週１回２時間程度,まあまあ思う,ベクトル,数列,"授業を聞いて, 問題集を解いて, 数学の本（教科書、参考書を除く）を読んで, 人から個別に聞いて"
5/17/2019 1:29:55,女性,35歳～39歳,社会人,まあまあある方だ,"息子（中2）の趣味が数学なので、教えてもらって本を読んだり、イベントに参加したりしています。
仕事（プログラミング関連）でもよく使います。",まあまあ好き,社会人になってから,,本や番組などがきっかけ,林修さんのテレビ番組で、数学の未解決問題の特集を見てから興味を持ちました。その後「数学ガール」をcakesで読み始めて挫折、「数学ガール 秘密ノート」を本で買って読んで面白かったので。数学ガールは息子の方がハマりました（私はまだむずかしい、、）,６～１０冊,かなり思う,隔週１回２時間程度～週１回２時間程度,かなり思う,平面幾何,確率・組み合わせ,"数学の本（教科書、参考書を除く）を読んで, 人から個別に聞いて"
5/17/2019 2:01:21,女性,50歳～54歳,社会人,まあまあある方だ,仕事のデータをまとめたり分析したりとかする時,かなり好き,小学校入学以前から,,物心がついたときから・気が付いたら,気づいたときは好きだったけど？,３１冊～,かなり思う,月１回２時間程度～隔週１回２時間程度,まあまあ思う,確率・組み合わせ,特にない,"授業を聞いて, 数学の本（教科書、参考書を除く）を読んで"
5/17/2019 2:46:46,男性,20歳～24歳,大学・短大・専門学生,ほとんど無い、まったく無い,,まあまあ好き,小学校時代の算数の時から,,物心がついたときから・気が付いたら,そろばん,１、２冊,まあまあ思う,月１回２時間程度～隔週１回２時間程度,かなり思う,確率・組み合わせ,微分・積分,"授業を聞いて, 問題集を解いて"
5/17/2019 2:49:04,女性,30歳～34歳,社会人,ほとんど無い、まったく無い,,かなり嫌い,,小学校時代の算数の時から,塾の授業がきっかけ,,０冊,かなり思う,月１回２時間未満,かなり思う,確率・組み合わせ,微分・積分,"授業を聞いて, 問題集を解いて"
5/17/2019 3:22:58,女性,40歳～44歳,個人事業主,まあまあある方だ,子供たちから、学校や塾の問題がわからないから教えてと言われた時。,かなり好き,小学校時代の算数の時から,小学校時代の算数の時から,テストの点数など,公文、算盤、ドリル等をたくさんやって、早く計算問題が解けるようになったから。,３～５冊,あまり思わない,月１回２時間未満,かなり思う,方程式・不等式,確率・組み合わせ,"授業を聞いて, 問題集を解いて, 学校の先生に質問しに行って。"
5/17/2019 4:05:29,男性,30歳～34歳,社会人,かなりある方だ,高校の数学の教員の為,かなり好き,高校生後半,,学校の授業がきっかけ,数Ⅲを真剣に勉強してから,２１冊～３０冊,かなり思う,月１回２時間程度～隔週１回２時間程度,まあまあ思う,微分・積分,整数,"問題集を解いて, 数学の本（教科書、参考書を除く）を読んで, 動画サイト等"
5/17/2019 4:25:53,男性,20歳～24歳,大学・短大・専門学生,かなりある方だ,教育現場で。,かなり好き,小学校時代の算数の時から,,親や兄弟がきっかけ,,１１冊～２０冊,かなり思う,月１回２時間程度～隔週１回２時間程度,かなり思う,集合・論理,関数,"問題集を解いて, 数学の本（教科書、参考書を除く）を読んで"
5/17/2019 4:54:09,男性,20歳～24歳,大学・短大・専門学生,かなりある方だ,学部生で数学の研究に志を持っている,かなり好き,中学生後半,,本や番組などがきっかけ,本屋でたまたま立ち読みした本に、今でも目出ているスターリングの公式（近似式.log.verではない）という可愛い恋人に巡り合ったため,２１冊～３０冊,まあまあ思う,隔週１回２時間程度～週１回２時間程度,かなり思う,数学基礎論,計算問題,数学の本（教科書、参考書を除く）を読んで
5/17/2019 4:55:14,男性,20歳～24歳,大学院生,かなりある方だ,授業、ゼミ,かなり好き,小学校入学以前から,,親や兄弟がきっかけ,小学校高学年の時に読んだ(親が買ってきた)桜井進さんの本や、コンビニで売っている500円の直感を裏切る系の数学小話をまとめた本を読んで面白かったこと,６～１０冊,かなり思う,週１回２時間以上,かなり思う,計算問題,微分・積分,"授業を聞いて, 問題集を解いて, 数学の本（教科書、参考書を除く）を読んで, 人から個別に聞いて"
5/17/2019 4:57:40,男性,50歳～54歳,社会人,かなりある方だ,,かなり好き,小学校時代の算数の時から,,物心がついたときから・気が付いたら,,３～５冊,かなり思う,隔週１回２時間程度～週１回２時間程度,かなり思う,ベクトル,確率・組み合わせ,数学の本（教科書、参考書を除く）を読んで
5/17/2019 5:01:21,男性,25歳～29歳,社会人,かなりある方だ,趣味,まあまあ好き,社会人になってから,,昔は苦手だったけど、大人になってから問題集を解いてみたら意外とできたから,,１１冊～２０冊,かなり思う,週１回２時間以上,まったく思わない,集合・論理,数列,問題集を解いて
5/17/2019 5:08:13,男性,20歳～24歳,大学・短大・専門学生,まあまあある方だ,公務員試験の勉強,まあまあ嫌い,,高校生後半,学校の授業がきっかけ,関数の辺りから苦手意識を持つようになった。,０冊,まあまあ思う,月１回２時間未満,かなり思う,計算問題,三角比・三角関数,"授業を聞いて, 問題集を解いて"
5/17/2019 5:54:33,男性,45歳～49歳,社会人,かなりある方だ,,かなり好き,小学校時代の算数の時から,,物心がついたときから・気が付いたら,,３１冊～,かなり思う,隔週１回２時間程度～週１回２時間程度,かなり思う,平面幾何,特にない,問題集を解いて
5/17/2019 6:00:12,男性,～14歳,中学生以下,かなりある方だ,時間がある時は、数学の問題を解いています。,かなり好き,小学校入学以前から,,物心がついたときから・気が付いたら,喋るようになった時から数字が好きだったみたいです。,３１冊～,かなり思う,週１回２時間以上,まあまあ思う,確率・組み合わせ,特にない,"問題集を解いて, 数学の本（教科書、参考書を除く）を読んで"
5/17/2019 6:18:57,男性,15歳～19歳,大学・短大・専門学生,かなりある方だ,大学の講義,まあまあ好き,小学校時代の算数の時から,,テストの点数など,テストで良い点がとれたから。,３～５冊,まあまあ思う,月１回２時間程度～隔週１回２時間程度,かなり思う,確率・組み合わせ,ベクトル,"授業を聞いて, 数学の本（教科書、参考書を除く）を読んで"
5/17/2019 6:20:39,男性,15歳～19歳,大学・短大・専門学生,まあまあある方だ,授業、趣味,かなり好き,中学生前半,,本や番組などがきっかけ,浜村渚の計算ノートを読んでから数学は実は面白いのでは？と思った。,１１冊～２０冊,かなり思う,週１回２時間以上,まあまあ思う,どの分野が特に好きというのはまだない,ベクトル,"授業を聞いて, 数学の本（教科書、参考書を除く）を読んで, 人から個別に聞いて"
5/17/2019 6:22:32,男性,35歳～39歳,社会人,まあまあある方だ,横山さんのツイッターの問題解く,かなり好き,小学校時代の算数の時から,,物心がついたときから・気が付いたら,抽象概念として数がありそれが世界を表しているところが面白い,１１冊～２０冊,かなり思う,月１回２時間程度～隔週１回２時間程度,まあまあ思う,関数,特にない,"授業を聞いて, 問題集を解いて"
5/17/2019 6:24:48,男性,25歳～29歳,大学・短大・専門学生,かなりある方だ,授業、ゼミ,かなり好き,小学校入学以前から,,物心がついたときから・気が付いたら,,２１冊～３０冊,かなり思う,週１回２時間以上,かなり思う,代数学,特にない,"授業を聞いて, 問題集を解いて, 数学の本（教科書、参考書を除く）を読んで"
5/17/2019 6:26:53,女性,20歳～24歳,大学・短大・専門学生,かなりある方だ,授業 学科が数学科,まあまあ好き,高校生前半,,学校の先生がきっかけ,教え方がうまい先生で、数学と世の関連性について教えてくれた,３～５冊,かなり思う,隔週１回２時間程度～週１回２時間程度,かなり思う,集合・論理,集合・論理,人から個別に聞いて
5/17/2019 6:27:19,男性,25歳～29歳,社会人,かなりある方だ,独学している時,かなり好き,小学校時代の算数の時から,,物心がついたときから・気が付いたら,,１１冊～２０冊,かなり思う,週１回２時間以上,かなり思う,数列,平面幾何,"授業を聞いて, 数学の本（教科書、参考書を除く）を読んで, 人から個別に聞いて"
5/17/2019 6:32:17,男性,15歳～19歳,大学・短大・専門学生,まあまあある方だ,学校の授業,まあまあ好き,小学校時代の算数の時から,,物心がついたときから・気が付いたら,,３～５冊,かなり思う,週１回２時間以上,かなり思う,確率・組み合わせ,平面幾何,"授業を聞いて, 問題集を解いて, 数学の本（教科書、参考書を除く）を読んで"
5/17/2019 6:37:01,男性,20歳～24歳,大学・短大・専門学生,まあまあある方だ,大学の講義,まあまあ好き,小学校入学以前から,,本や番組などがきっかけ,,１、２冊,あまり思わない,月１回２時間程度～隔週１回２時間程度,まあまあ思う,集合・論理,数列,"授業を聞いて, 問題集を解いて"
5/17/2019 6:42:46,男性,15歳～19歳,大学・短大・専門学生,ほとんど無い、まったく無い,,かなり嫌い,,中学生前半,テストの点数など,,１、２冊,まあまあ思う,月１回２時間程度～隔週１回２時間程度,かなり思う,特にない,平面幾何,"授業を聞いて, 問題集を解いて, 数学の本（教科書、参考書を除く）を読んで"
5/17/2019 6:45:35,男性,40歳～44歳,社会人,まあまあある方だ,統計学や疫学、濃度計算,かなり嫌い,,小学校時代の算数の時から,学校の授業がきっかけ,問題がとけない,１、２冊,かなり思う,月１回２時間程度～隔週１回２時間程度,かなり思う,確率・組み合わせ,全て,数学の本（教科書、参考書を除く）を読んで
5/17/2019 6:47:32,女性,15歳～19歳,浪人生,まあまあある方だ,授業で,まあまあ好き,中学生後半,中学生後半,塾の先生がきっかけ,塾の先生の説明がわかりやすく、テストでどんどん点が取れるようになったから,３～５冊,かなり思う,隔週１回２時間程度～週１回２時間程度,かなり思う,数列,ベクトル,"授業を聞いて, 問題集を解いて, 人から個別に聞いて"
5/17/2019 6:51:10,男性,20歳～24歳,大学・短大・専門学生,かなりある方だ,大学の授業,かなり好き,小学校時代の算数の時から,,本や番組などがきっかけ,数の悪魔を読んで好きになった,１１冊～２０冊,まあまあ思う,隔週１回２時間程度～週１回２時間程度,かなり思う,集合・論理,計算問題,"授業を聞いて, 数学の本（教科書、参考書を除く）を読んで"
5/17/2019 6:52:01,女性,15歳～19歳,大学・短大・専門学生,まあまあある方だ,学校の授業・塾講師のアルバイト,まあまあ好き,小学校時代の算数の時から,,物心がついたときから・気が付いたら,,３～５冊,まあまあ思う,月１回２時間程度～隔週１回２時間程度,かなり思う,確率・組み合わせ,複素数平面,"問題集を解いて, 数学の本（教科書、参考書を除く）を読んで"
5/17/2019 6:55:37,女性,15歳～19歳,大学・短大・専門学生,まあまあある方だ,講義内容で,まあまあ好き,小学校時代の算数の時から,,物心がついたときから・気が付いたら,,１、２冊,まあまあ思う,月１回２時間程度～隔週１回２時間程度,かなり思う,三角比・三角関数,確率・組み合わせ,"授業を聞いて, 問題集を解いて, 人から個別に聞いて"
5/17/2019 6:57:06,男性,20歳～24歳,大学・短大・専門学生,まあまあある方だ,大学の講義,まあまあ好き,小学校時代の算数の時から,,物心がついたときから・気が付いたら,,１、２冊,かなり思う,隔週１回２時間程度～週１回２時間程度,かなり思う,微分・積分,平面幾何,"問題集を解いて, 数学の本（教科書、参考書を除く）を読んで"
5/17/2019 6:57:10,男性,20歳～24歳,大学・短大・専門学生,まあまあある方だ,大学の講義,まあまあ好き,小学校時代の算数の時から,,物心がついたときから・気が付いたら,,１、２冊,かなり思う,隔週１回２時間程度～週１回２時間程度,かなり思う,微分・積分,平面幾何,"問題集を解いて, 数学の本（教科書、参考書を除く）を読んで"
5/17/2019 7:00:15,女性,35歳～39歳,主婦,まあまあある方だ,学習支援員として,まあまあ嫌い,,小学校時代の算数の時から,学校の授業がきっかけ,特に理由はないが、おもしろさを感じられなかったため,３～５冊,かなり思う,月１回２時間程度～隔週１回２時間程度,かなり思う,平面幾何,特にない,"授業を聞いて, 問題集を解いて"
5/17/2019 7:01:12,女性,20歳～24歳,大学院生,まあまあある方だ,算数数学の塾講師のバイトをしているとき,かなり好き,小学校時代の算数の時から,,なし,中学受験勉強でテストの解き直しで、わからなかった問題がわかったときの爽快感が好きになった,１、２冊,かなり思う,隔週１回２時間程度～週１回２時間程度,かなり思う,確率・組み合わせ,特にない,"授業を聞いて, 問題集を解いて"
5/17/2019 7:04:40,女性,25歳～29歳,社会人,かなりある方だ,仕事,まあまあ好き,中学生前半,,塾の先生がきっかけ,問題を解いて答えがピタッとあったとき。,１、２冊,まあまあ思う,月１回２時間未満,かなり思う,方程式・不等式,ベクトル,問題集を解いて
5/17/2019 7:26:35,女性,45歳～49歳,主婦,まあまあある方だ,子どもの学習を通して。,まあまあ好き,中学生前半,,物心がついたときから・気が付いたら,噛みごたえのある問題を解けたときの快感、解法が閃いたときの嬉しさなど,１、２冊,かなり思う,隔週１回２時間程度～週１回２時間程度,かなり思う,方程式・不等式,確率・組み合わせ,"授業を聞いて, 問題集を解いて"
5/17/2019 7:42:03,男性,55歳～59歳,社会人,まあまあある方だ,会社での業務,まあまあ好き,小学校時代の算数の時から,,物心がついたときから・気が付いたら,,１、２冊,まあまあ思う,月１回２時間未満,かなり思う,数列,平面幾何,問題集を解いて
5/17/2019 7:42:34,男性,20歳～24歳,大学院生,かなりある方だ,院の数学専攻(代数幾何)なので、数学をする事が今現在の仕事です。,かなり好き,小学校時代の算数の時から,,学校の先生がきっかけ,実は小学四年生までは算数に全くついていけず嫌いだったのですが、新しく来た数学算数専門の先生が丁寧に教えて下さったことで好きになりました。当時どれぐらい苦手だったかと言うと、自然数を記号で書かれた時に感覚が無く、自然数同士の和や差を求める時に指で数えなければ計算出来ない程でした。,３１冊～,かなり思う,週１回２時間以上,まあまあ思う,集合・論理,特にない,"授業を聞いて, 数学の本（教科書、参考書を除く）を読んで, 人から個別に聞いて, インターネットを利用して。"
5/17/2019 7:44:38,女性,55歳～59歳,社会人,ほとんど無い、まったく無い,,かなり嫌い,,高校生前半,学校の授業がきっかけ,苦痛に感じるようになったから,０冊,まったく思わない,,かなり思う,特にない,何もかも,授業を聞いて
5/17/2019 7:46:28,男性,20歳～24歳,大学・短大・専門学生,まあまあある方だ,大学の授業、塾講師のアルバイト,まあまあ好き,高校卒業後の進学先で（大学・専門学校など）,,塾の授業がきっかけ,予備校で受けた授業が数学の核心をついており興味をそそられた。,６～１０冊,かなり思う,週１回２時間以上,かなり思う,平面幾何,方程式・不等式,問題集を解いて
5/17/2019 7:49:41,男性,20歳～24歳,大学・短大・専門学生,かなりある方だ,講義中、その予習と復習のとき、,まあまあ好き,小学校入学以前から,,親や兄弟がきっかけ,兄が算数パズルのようなものを小さい頃からよく出してくれて、それを一緒に考えるのが楽しかった事から好きになっていった,２１冊～３０冊,まあまあ思う,,まあまあ思う,確率・組み合わせ,集合・論理,数学の本（教科書、参考書を除く）を読んで
5/17/2019 7:57:06,女性,35歳～39歳,社会人,かなりある方だ,趣味で勉強している,かなり好き,小学校入学以前から,,物心がついたときから・気が付いたら,時計の読み方や定規の目盛りなどが単純に面白いと思ったのだと思う(幼稚園頃の記憶),１１冊～２０冊,かなり思う,週１回２時間以上,まあまあ思う,平面幾何,確率・組み合わせ,"問題集を解いて, 数学の本（教科書、参考書を除く）を読んで, 人から個別に聞いて"
5/17/2019 7:58:41,男性,15歳～19歳,大学・短大・専門学生,かなりある方だ,大学の講義,まあまあ好き,小学校時代の算数の時から,,本や番組などがきっかけ,,１、２冊,まあまあ思う,月１回２時間程度～隔週１回２時間程度,まあまあ思う,平面幾何,微分・積分,"授業を聞いて, 問題集を解いて"
5/17/2019 8:03:51,女性,35歳～39歳,社会人,ほとんど無い、まったく無い,,まあまあ好き,高校生前半,,三次関数の単元と出会って,なぜか三次関数のグラフにワクワクするようになったため,１、２冊,まあまあ思う,月１回２時間未満,かなり思う,関数,特にない,問題集を解いて
5/17/2019 8:13:04,男性,55歳～59歳,退職後無職,まあまあある方だ,物理の本を読んだ時,まあまあ嫌い,,中学生後半,学校の授業がきっかけ,自分には数学的なセンスがない、と思い知ったので。,６～１０冊,まあまあ思う,週１回２時間以上,まあまあ思う,平面幾何,計算問題,"授業を聞いて, 問題集を解いて, 数学の本（教科書、参考書を除く）を読んで"
5/17/2019 8:26:55,男性,55歳～59歳,社会人,あまり無い方だ,一般向けの数学書籍を読む（フェルマーの最終定理、など）,かなり好き,社会人になってから,中学生後半,学校の先生がきっかけ,数学が好きになったのは30代にサイエンス・ライター（マーティン・ガードナー、サイモン・シンなど）、の書籍を読むようになってからで、中学～高校時代は大嫌いでした。きっかけは教師との相性が悪かったことです。中学２年くらいまでは中間、期末考査で100点を取ったこともありましたが、教師と折り合いが悪くなってからはまったく勉強しなかったので、赤点を取ったこともありました。ちなみに私大文系出身で受験は国語・英語・世界史で理数系科目はまったく勉強しませんでした。,３１冊～,まあまあ思う,月１回２時間程度～隔週１回２時間程度,かなり思う,確率・組み合わせ,特にない,数学の本（教科書、参考書を除く）を読んで
5/17/2019 8:28:22,男性,30歳～34歳,社会人,あまり無い方だ,"飲食店を管理しています。＋,−,×,÷を簡単に使う程度です。",まあまあ好き,,,テストの点数など,単純にテストの点数が取れたので、中学までは好きな教科でした。,０冊,かなり思う,月１回２時間程度～隔週１回２時間程度,かなり思う,特にない,中学の時に習った「証明」の問題です。先生の解説を聞いても、教科書を読み返しても、全く分からず、証明問題は諦めました。,授業を聞いて
5/17/2019 8:33:04,男性,50歳～54歳,社会人,かなりある方だ,理論計算機科学の教育研究,かなり好き,小学校入学以前から,,物心がついたときから・気が付いたら,正解へ到達する道がいくらでもあり、どれも正しいとされる自由さ,３１冊～,まったく思わない,,かなり思う,組合せ論,計算問題,数学の本（教科書、参考書を除く）を読んで
5/17/2019 8:34:28,女性,30歳～34歳,社会人,ほとんど無い、まったく無い,,かなり好き,小学校時代の算数の時から,,物心がついたときから・気が付いたら,家系が理系で数学の点数が良くとれるので,０冊,まったく思わない,,かなり思う,計算問題,平面幾何,問題集を解いて
5/17/2019 8:35:58,女性,45歳～49歳,社会人,ほとんど無い、まったく無い,,まあまあ好き,小学校時代の算数の時から,,学校の授業がきっかけ,,３～５冊,まあまあ思う,,まあまあ思う,特にない,確率・組み合わせ,"授業を聞いて, 問題集を解いて"
5/17/2019 8:46:01,男性,20歳～24歳,アルバイト・パート,かなりある方だ,書店で買った問題集,かなり好き,小学校時代の算数の時から,,物心がついたときから・気が付いたら,,１１冊～２０冊,かなり思う,月１回２時間程度～隔週１回２時間程度,まあまあ思う,数列,特にない,"授業を聞いて, 問題集を解いて, 数学の本（教科書、参考書を除く）を読んで"
5/17/2019 8:46:26,男性,20歳～24歳,大学・短大・専門学生,かなりある方だ,大学の講義、自習のとき。塾で教えるとき。,かなり好き,高校生前半,,学校の授業がきっかけ,数学Ⅱの内容が面白かった。そのときの数学の先生の授業がわかりやすかった。,１１冊～２０冊,かなり思う,週１回２時間以上,かなり思う,トポロジー,確率・組み合わせ,"授業を聞いて, 問題集を解いて, 数学の本（教科書、参考書を除く）を読んで, 人から個別に聞いて"
5/17/2019 8:54:41,女性,20歳～24歳,社会人,かなりある方だ,仕事の約半分が数学を使います,まあまあ好き,小学校時代の算数の時から,,物心がついたときから・気が付いたら,明確にいつとは言えませんが、中学受験の算数が面白く好きになったのだと思います。,１、２冊,かなり思う,隔週１回２時間程度～週１回２時間程度,まあまあ思う,関数,ベクトル,"授業を聞いて, 問題集を解いて"
5/17/2019 9:00:39,女性,30歳～34歳,社会人,かなりある方だ,国家試験、仕事,まあまあ好き,小学校時代の算数の時から,,公文,解への一直線が爽快だった。但し、身の丈に合っていない解法は苦痛だった。中学生の時、京大理学部数学科出身の父に教えてもらった解法は混乱をきたした。,１、２冊,かなり思う,週１回２時間以上,かなり思う,関数,集合・論理,"授業を聞いて, 問題集を解いて"
5/17/2019 9:07:18,男性,50歳～54歳,社会人,あまり無い方だ,四則計算レベル,まあまあ好き,小学校時代の算数の時から,,塾の授業がきっかけ,,３～５冊,あまり思わない,月１回２時間未満,まあまあ思う,平面幾何,確率・組み合わせ,"授業を聞いて, 問題集を解いて"
5/17/2019 9:09:45,男性,45歳～49歳,社会人,あまり無い方だ,甥に頼まれて勉強を教えるとき,まあまあ好き,小学校入学以前から,,本や番組などがきっかけ,小さいころ「算数大好き」というシリーズ本があり、よく読んでいた（楽しんでいた）記憶あり,３～５冊,まあまあ思う,週１回２時間以上,まあまあ思う,微分・積分,集合・論理,"授業を聞いて, 問題集を解いて"
5/17/2019 9:36:14,男性,40歳～44歳,社会人,ほとんど無い、まったく無い,,まあまあ好き,小学校時代の算数の時から,,テストの点数など,,６～１０冊,まあまあ思う,月１回２時間未満,まあまあ思う,計算問題,微分・積分,"問題集を解いて, 数学の本（教科書、参考書を除く）を読んで"
5/17/2019 9:41:03,男性,15歳～19歳,高校生,かなりある方だ,授業や科学数学系の雑誌,かなり好き,小学校時代の算数の時から,,塾の先生がきっかけ,,１、２冊,かなり思う,隔週１回２時間程度～週１回２時間程度,まあまあ思う,方程式・不等式,関数,"授業を聞いて, 問題集を解いて"
5/17/2019 10:11:19,女性,35歳～39歳,社会人,あまり無い方だ,仕事上、値段の計算で。,まあまあ嫌い,,小学校時代の算数の時から,学校の先生がきっかけ,できないと怒られた。,０冊,かなり思う,月１回２時間未満,かなり思う,特にない,関数,"授業を聞いて, 問題集を解いて, 数学の本（教科書、参考書を除く）を読んで, 人から個別に聞いて"
5/17/2019 10:16:23,女性,30歳～34歳,主婦,まあまあある方だ,子供の宿題,まあまあ嫌い,小学校入学以前から,中学生後半,学校の授業がきっかけ,アルファベットが入って苦手になりました,０冊,まあまあ思う,月１回２時間未満,かなり思う,特にない,方程式・不等式,授業を聞いて
5/17/2019 11:00:24,男性,25歳～29歳,社会人,あまり無い方だ,算数や数学の知識が必要や業務の機会,まあまあ好き,小学校時代の算数の時から,,テストの点数など,他科目より相対的に成績が良かったから。,１１冊～２０冊,かなり思う,週１回２時間以上,かなり思う,平面幾何,確率・組み合わせ,問題集を解いて
5/17/2019 11:26:37,男性,25歳～29歳,社会人,ほとんど無い、まったく無い,,かなり好き,小学校時代の算数の時から,,学校の先生がきっかけ,円の面積の公式に、なぜ半径×半径という謎なものが出てくるのが考えて、理解できたときの経験からです。,３１冊～,かなり思う,週１回２時間以上,まあまあ思う,微分・積分,ベクトル,数学の本（教科書、参考書を除く）を読んで
5/17/2019 11:31:12,男性,15歳～19歳,大学・短大・専門学生,かなりある方だ,授業、読書を通して。,かなり好き,小学校時代の算数の時から,,塾の授業がきっかけ,公文式に通ったことで好きになりました。,３～５冊,かなり思う,月１回２時間程度～隔週１回２時間程度,まあまあ思う,微分・積分,平面幾何,"授業を聞いて, 問題集を解いて, 数学の本（教科書、参考書を除く）を読んで"
5/17/2019 11:47:39,男性,20歳～24歳,大学院生,かなりある方だ,研究,まあまあ好き,高校卒業後の進学先で（大学・専門学校など）,,本や番組などがきっかけ,,１１冊～２０冊,かなり思う,隔週１回２時間程度～週１回２時間程度,かなり思う,微分・積分,集合・論理,"授業を聞いて, 問題集を解いて, 数学の本（教科書、参考書を除く）を読んで, 人から個別に聞いて"
5/17/2019 12:03:22,その他,45歳～49歳,高校生,かなりある方だ,,かなり好き,高校生後半,,物心がついたときから・気が付いたら,,３１冊～,かなり思う,隔週１回２時間程度～週１回２時間程度,かなり思う,関数,確率・組み合わせ,数学の本（教科書、参考書を除く）を読んで
5/17/2019 12:14:48,男性,～14歳,中学生以下,かなりある方だ,ロマ数 数学教室 和 ,かなり好き,小学校時代の算数の時から,,学校の先生がきっかけ,小学校の授業で[分数のわり算はなぜひっくり返すのか？]についてやって、面白かったから          ,１１冊～２０冊,かなり思う,週１回２時間以上,かなり思う,数列,計算問題,"授業を聞いて, 数学の本（教科書、参考書を除く）を読んで"
5/17/2019 12:27:12,男性,45歳～49歳,社会人,まあまあある方だ,仕事上の設計計算,まあまあ好き,小学校時代の算数の時から,,物心がついたときから・気が付いたら,三角形の内角の和の証明だったかな。証明って言うのがワクワクした。,３～５冊,まあまあ思う,月１回２時間程度～隔週１回２時間程度,かなり思う,確率・組み合わせ,数列,"授業を聞いて, 人から個別に聞いて"
5/17/2019 13:00:59,女性,30歳～34歳,社会人,ほとんど無い、まったく無い,,かなり嫌い,,中学生後半,学校の授業がきっかけ,ついていけなくなったから,０冊,まあまあ思う,月１回２時間未満,まあまあ思う,確率・組み合わせ,三角比・三角関数,"授業を聞いて, 問題集を解いて"
5/17/2019 13:05:06,女性,20歳～24歳,大学・短大・専門学生,まあまあある方だ,授業、日常生活,まあまあ好き,中学生前半,,学校の先生がきっかけ,中学の時数学とは別に数学パズルや大学入試レベルの問題を中学の知識で解くような授業があり、頭をフル回転させて解く感覚が好きだった。,６～１０冊,かなり思う,週１回２時間以上,まあまあ思う,平面幾何,立体,"授業を聞いて, 問題集を解いて"
5/17/2019 13:42:20,男性,30歳～34歳,社会人,まあまあある方だ,営業の仕事,かなり好き,小学校時代の算数の時から,,物心がついたときから・気が付いたら,物心ついた時からパズルなど、回答がカチッとハマる感覚が好きだったので。,１、２冊,あまり思わない,月１回２時間程度～隔週１回２時間程度,かなり思う,方程式・不等式,微分・積分,問題集を解いて
5/17/2019 13:45:37,女性,30歳～34歳,社会人,あまり無い方だ,仕事で計算をするとき,まあまあ嫌い,,小学校時代の算数の時から,学校の授業がきっかけ,自分の中のスイッチが入らなかった,０冊,かなり思う,月１回２時間程度～隔週１回２時間程度,かなり思う,計算問題,三角比・三角関数,"授業を聞いて, 数学の本（教科書、参考書を除く）を読んで"
5/17/2019 13:56:59,男性,20歳～24歳,社会人,まあまあある方だ,受験生の知り合いから質問される,かなり好き,小学校時代の算数の時から,,親や兄弟がきっかけ,小学校4年生の時、隣の家に年齢が１つ上の子がいて、算数の教科書をもらい予習を始めた。上の学年の勉強をしている事で、優越感を味わえた。,６～１０冊,かなり思う,月１回２時間程度～隔週１回２時間程度,かなり思う,微分・積分,特にない,"問題集を解いて, 数学の本（教科書、参考書を除く）を読んで"
5/17/2019 15:03:30,男性,50歳～54歳,社会人,あまり無い方だ,,かなり好き,小学校入学以前から,,物心がついたときから・気が付いたら,,３１冊～,かなり思う,月１回２時間未満,まったく思わない,特にない,特にない,"授業を聞いて, 数学の本（教科書、参考書を除く）を読んで"
5/17/2019 15:05:21,男性,25歳～29歳,社会人,あまり無い方だ,仕事で四則計算くらいはします,まあまあ嫌い,,高校生前半,学校の授業がきっかけ,全くわからなかったから、嫌いというか正確には「わからない」から面白くない 楽しみ方がわからないと言った方が正しい,０冊,まあまあ思う,隔週１回２時間程度～週１回２時間程度,かなり思う,平面幾何,平面幾何以外全て,"授業を聞いて, 問題集を解いて, 人から個別に聞いて"
5/17/2019 15:07:42,男性,20歳～24歳,大学・短大・専門学生,かなりある方だ,数学科生です,かなり好き,中学生後半,,本や番組などがきっかけ,遠山啓「数学入門」で正五角形の作図可能性の証明を見て,３～５冊,かなり思う,週１回２時間以上,かなり思う,群論,微分幾何学,"授業を聞いて, 問題集を解いて, 数学の本（教科書、参考書を除く）を読んで, 人から個別に聞いて"
5/17/2019 15:12:52,男性,25歳～29歳,社会人,かなりある方だ,数学科教師 中学,かなり好き,小学校時代の算数の時から,,親や兄弟がきっかけ,父親から、ピラミッドを作るための必要なレンガ数は？という問いをいっしょに考えてから,６～１０冊,かなり思う,月１回２時間未満,かなり思う,微分・積分,確率・組み合わせ,問題集を解いて
5/17/2019 15:25:30,男性,45歳～49歳,社会人,まあまあある方だ,仕事で統計処理を行うけど、ツールとしてだけでなく中身が分かってないとなぁと思い原理に戻ることにしました。手法の理解という面が第一なんですが、ツールの奴隷とならないためのツールに振り回されないための勉強です。もっとも、よくわからないことの方が多くて進んでないんですけど。,まあまあ好き,中学生後半,,塾の授業がきっかけ,,６～１０冊,かなり思う,月１回２時間程度～隔週１回２時間程度,かなり思う,微分・積分,計算問題,"授業を聞いて, 問題集を解いて"
5/17/2019 15:25:44,男性,20歳～24歳,大学院生,かなりある方だ,院で確率論を専攻しているため,まあまあ好き,小学校時代の算数の時から,,物心がついたときから・気が付いたら,正しいかどうかが数字のみでわかること。解釈の仕方で解が変わることもあるが、基本的に一意に決まるところ。,１１冊～２０冊,かなり思う,隔週１回２時間程度～週１回２時間程度,かなり思う,確率・組み合わせ,方程式・不等式,"授業を聞いて, 問題集を解いて, 数学の本（教科書、参考書を除く）を読んで, 人から個別に聞いて"
5/17/2019 15:27:08,女性,35歳～39歳,社会人,まあまあある方だ,小・中学生の学習支援の仕事をしているので、その中で必要があった時に、主に小学生の宿題を見たりしています。,まあまあ好き,社会人になってから,,仕事で必要があり、算数から内容から振り返っていた時から,恐らく小学校入学前から計算領域が弱く、しかし両親にも理解されずに頭ごなしに叱られたことがきっかけかと。,０冊,まあまあ思う,月１回２時間程度～隔週１回２時間程度,かなり思う,方程式・不等式,空間図形,人から個別に聞いて
5/17/2019 15:34:06,女性,15歳～19歳,高校生,かなりある方だ,授業。趣味。検定対策。,かなり好き,小学校時代の算数の時から,,物心がついたときから・気が付いたら,数学だけ家庭教師がいたから。,１、２冊,かなり思う,週１回２時間以上,かなり思う,計算問題,確率・組み合わせ,問題集を解いて
5/17/2019 15:48:32,女性,25歳～29歳,社会人,まあまあある方だ,Excelの関数、BIを使う上での指導上、因数分解などについて教わっています,まあまあ好き,高校生後半,,塾の先生がきっかけ,,１、２冊,まあまあ思う,月１回２時間未満,まあまあ思う,関数,微分・積分,"問題集を解いて, 人から個別に聞いて"
5/17/2019 16:15:59,女性,15歳～19歳,大学・短大・専門学生,まあまあある方だ,授業,かなり好き,高校生前半,,本や番組などがきっかけ,,６～１０冊,かなり思う,月１回２時間程度～隔週１回２時間程度,かなり思う,微分・積分,三角比・三角関数,"授業を聞いて, 数学の本（教科書、参考書を除く）を読んで"
5/17/2019 16:42:16,男性,25歳～29歳,社会人,かなりある方だ,中学数学を教える塾の先生,かなり好き,小学校入学以前から,,物心がついたときから・気が付いたら,幼稚園のときからパズル的要素のゲームが好きでした。将棋もその頃からしてました。,３～５冊,まあまあ思う,月１回２時間程度～隔週１回２時間程度,かなり思う,関数,平面幾何,授業を聞いて
5/17/2019 17:42:36,男性,20歳～24歳,大学・短大・専門学生,あまり無い方だ,,まあまあ好き,高校生後半,,本や番組などがきっかけ,,３～５冊,かなり思う,週１回２時間以上,かなり思う,微分・積分,ベクトル,"授業を聞いて, 問題集を解いて"
5/17/2019 19:08:53,男性,25歳～29歳,ポスドク,まあまあある方だ,統計解析,まあまあ好き,高校生前半,,本や番組などがきっかけ,大学への数学(別冊)で俯瞰的に見れた時,３～５冊,まあまあ思う,月１回２時間程度～隔週１回２時間程度,かなり思う,関数,整数,問題集を解いて
5/17/2019 20:15:50,男性,15歳～19歳,高校生,かなりある方だ,学校の授業と課題など,かなり好き,高校生前半,,物心がついたときから・気が付いたら,自分の中で数学に関する情報量が増えた頃,１、２冊,かなり思う,週１回２時間以上,かなり思う,微分・積分,確率・組み合わせ,"授業を聞いて, 問題集を解いて"
5/17/2019 22:53:58,男性,15歳～19歳,大学・短大・専門学生,かなりある方だ,数学科の授業で,かなり好き,小学校時代の算数の時から,,学校の授業がきっかけ,小学校の授業で共通因数で括ることで式を簡単に計算できる事に自分で気づけたこと,１１冊～２０冊,まあまあ思う,月１回２時間未満,まあまあ思う,数列,確率・組み合わせ,"授業を聞いて, 数学の本（教科書、参考書を除く）を読んで"
5/17/2019 23:03:51,女性,15歳～19歳,高校生,まあまあある方だ,授業、家庭学習、趣味（ツイッターやインターネットで自主的に調べる）,かなり好き,高校生前半,,学校の先生がきっかけ,,０冊,かなり思う,週１回２時間以上,かなり思う,特にない,計算問題,"授業を聞いて, 問題集を解いて, 人から個別に聞いて"
5/17/2019 23:11:40,男性,20歳～24歳,大学・短大・専門学生,かなりある方だ,大学で数学を専攻しているため日々数学の勉強をしています。,かなり好き,小学校入学以前から,,物心がついたときから・気が付いたら,小さい頃パズルゲームや迷路が好きで空間把握のような幾何的な作業を好きになったのだと思います。,１１冊～２０冊,かなり思う,週１回２時間以上,かなり思う,幾何学、多様体論,フーリエ変換,"授業を聞いて, 問題集を解いて, 数学の本（教科書、参考書を除く）を読んで, 友人と議論して"
5/17/2019 23:18:59,男性,15歳～19歳,大学・短大・専門学生,かなりある方だ,大学の授業,かなり好き,中学生前半,,テストの点数など,小6の春休みに中学1年になるまで暇だなぁと思い数学の教科書に手を出し、わからないところは塾の先生に聞きながら進めて、理解するのできる感覚が楽しかったから。,１１冊～２０冊,かなり思う,月１回２時間程度～隔週１回２時間程度,かなり思う,平面幾何,計算問題,"授業を聞いて, 問題集を解いて, 数学の本（教科書、参考書を除く）を読んで, 人から個別に聞いて"
5/17/2019 23:49:03,男性,15歳～19歳,大学・短大・専門学生,かなりある方だ,大学の授業,かなり好き,小学校時代の算数の時から,,物心がついたときから・気が付いたら,,１、２冊,かなり思う,週１回２時間以上,まあまあ思う,確率・組み合わせ,平面幾何,"授業を聞いて, 問題集を解いて"
5/17/2019 23:55:38,男性,15歳～19歳,大学・短大・専門学生,かなりある方だ,自分から本を買っていろいろ学習してる,かなり好き,高校生前半,,1979年国際数学オリンピック第1問,解法をみて凄いなぁって,６～１０冊,かなり思う,週１回２時間以上,まあまあ思う,数列,平面幾何,"問題集を解いて, 数学の本（教科書、参考書を除く）を読んで, 人から個別に聞いて"
5/18/2019 0:29:47,男性,20歳～24歳,アルバイト・パート,あまり無い方だ,ゲームのダメージ計算、確率計算など,まあまあ好き,小学校時代の算数の時から,,論理パズルが好きで、その流れで,,０冊,あまり思わない,週１回２時間以上,かなり思う,関数,平面幾何,授業を聞いて
5/18/2019 1:02:16,男性,25歳～29歳,社会人,まあまあある方だ,仕事、趣味の本,かなり好き,中学生前半,,テストの点数など,,３～５冊,かなり思う,月１回２時間程度～隔週１回２時間程度,かなり思う,微分・積分,特にない,"授業を聞いて, 問題集を解いて, 数学の本（教科書、参考書を除く）を読んで, 人から個別に聞いて"
5/18/2019 1:07:19,男性,30歳～34歳,フリーランス,ほとんど無い、まったく無い,,かなり嫌い,,小学校時代の算数の時から,学校の授業がきっかけ,普段の生活に結びつかない数字をいじらされている感覚になったから。,１、２冊,まあまあ思う,月１回２時間未満,かなり思う,特にない,方程式・不等式,授業を聞いて
5/18/2019 1:23:30,男性,25歳～29歳,社会人,まあまあある方だ,仕事関係,かなり好き,中学生後半,,物心がついたときから・気が付いたら,,１１冊～２０冊,かなり思う,隔週１回２時間程度～週１回２時間程度,かなり思う,微分・積分,代数,"問題集を解いて, 数学の本（教科書、参考書を除く）を読んで, ネットで"
5/18/2019 4:38:04,男性,25歳～29歳,社会人,あまり無い方だ,ツイッター,かなり好き,小学校時代の算数の時から,,物心がついたときから・気が付いたら,,２１冊～３０冊,かなり思う,週１回２時間以上,まあまあ思う,確率・組み合わせ,特にない,授業を聞いて
5/18/2019 4:42:07,女性,40歳～44歳,社会人,ほとんど無い、まったく無い,,かなり嫌い,,中学生後半,学校の授業がきっかけ,理解が追いつかなくなり、そのままそれを取り戻す機会がなかったこと,１、２冊,かなり思う,月１回２時間程度～隔週１回２時間程度,かなり思う,特にない,平面幾何,"授業を聞いて, 問題集を解いて, 数学の本（教科書、参考書を除く）を読んで"
5/18/2019 5:17:08,男性,30歳～34歳,社会人,まあまあある方だ,仕事での設計業務,かなり好き,中学生後半,,学校の先生がきっかけ,説明がわかりやすく、理解しやすかったので、自分にもできると思った,６～１０冊,かなり思う,隔週１回２時間程度～週１回２時間程度,かなり思う,三角比・三角関数,微分・積分,"授業を聞いて, 数学の本（教科書、参考書を除く）を読んで"
5/18/2019 5:43:11,女性,45歳～49歳,社会人,まあまあある方だ,,まあまあ好き,小学校入学以前から,,本や番組などがきっかけ,,３～５冊,かなり思う,週１回２時間以上,まあまあ思う,計算問題,微分・積分,授業を聞いて
5/18/2019 5:50:07,男性,50歳～54歳,社会人,あまり無い方だ,"入試問題が新聞に載った時はやってます。
",まあまあ嫌い,,中学生後半,テストの点数など,,１、２冊,あまり思わない,月１回２時間未満,かなり思う,計算問題,ベクトル,問題集を解いて
5/18/2019 6:10:46,男性,30歳～34歳,社会人,かなりある方だ,先生をしているため、生徒に教える時,まあまあ好き,小学校時代の算数の時から,,テストの点数など,好きになった経緯を、あまり覚えておりません。気付いたら好きでした。,６～１０冊,かなり思う,月１回２時間程度～隔週１回２時間程度,まあまあ思う,微分・積分,集合・論理,"授業を聞いて, 問題集を解いて, 人から個別に聞いて"
5/18/2019 6:20:13,男性,25歳～29歳,社会人,あまり無い方だ,会社の営業成績管理,まあまあ嫌い,,中学生前半,テストの点数など,,０冊,あまり思わない,,まあまあ思う,確率・組み合わせ,三角比・三角関数,授業を聞いて
5/18/2019 6:28:14,男性,35歳～39歳,社会人,かなりある方だ,ソフトウェアのプログラミング、統計分析,かなり好き,高校生前半,,塾の先生がきっかけ,難しいと感じていた問題が、解けるようになったとき。,１１冊～２０冊,まあまあ思う,月１回２時間程度～隔週１回２時間程度,かなり思う,平面幾何,計算問題,"授業を聞いて, 問題集を解いて, 数学の本（教科書、参考書を除く）を読んで"
5/18/2019 6:47:00,女性,30歳～34歳,社会人,ほとんど無い、まったく無い,,まあまあ好き,小学校時代の算数の時から,,親や兄弟がきっかけ,幼い頃から問題を解くのが好きだったと思いますが、おそらく両親が与えてくれた本やおもちゃや連れて行ってくれたイベント？などが影響しているのではないかなと思います。たとえばたしか「数の悪魔」という本はおもしろかった記憶があります。,６～１０冊,まあまあ思う,月１回２時間未満,かなり思う,数列,整数問題が好きだけど1番苦手だったと思います。,"授業を聞いて, 問題集を解いて"
5/18/2019 7:05:18,男性,55歳～59歳,社会人,あまり無い方だ,電子回路のインピーダンス計算,まあまあ好き,小学校時代の算数の時から,,物心がついたときから・気が付いたら,,３１冊～,まあまあ思う,隔週１回２時間程度～週１回２時間程度,まあまあ思う,関数,計算問題,"授業を聞いて, テレビ　昔、子供向け算数の番組が民放でやっていた。楽しかった。"
5/18/2019 7:11:35,男性,35歳～39歳,社会人,ほとんど無い、まったく無い,,まあまあ好き,小学校時代の算数の時から,,親や兄弟がきっかけ,,０冊,かなり思う,月１回２時間程度～隔週１回２時間程度,かなり思う,関数,集合・論理,"授業を聞いて, 問題集を解いて, 数学の本（教科書、参考書を除く）を読んで"
5/18/2019 7:12:06,女性,20歳～24歳,大学・短大・専門学生,あまり無い方だ,薬学の勉強をしているので代謝速度を求める時などに微積を使う,まあまあ好き,小学校時代の算数の時から,,テストの点数など,,０冊,あまり思わない,月１回２時間未満,かなり思う,確率・組み合わせ,三角比・三角関数,"授業を聞いて, 問題集を解いて"
5/18/2019 7:53:44,女性,20歳～24歳,社会人,ほとんど無い、まったく無い,,かなり嫌い,,中学生後半,テストの点数など,模試でいつも数学だけ点数が取れなかった,０冊,まあまあ思う,月１回２時間程度～隔週１回２時間程度,まあまあ思う,特にない,微分・積分,"授業を聞いて, 問題集を解いて, 数学の本（教科書、参考書を除く）を読んで"
5/18/2019 8:25:25,女性,35歳～39歳,主婦,ほとんど無い、まったく無い,,かなり好き,小学校時代の算数の時から,,物心がついたときから・気が付いたら,,０冊,あまり思わない,月１回２時間未満,かなり思う,平面幾何,集合・論理,"授業を聞いて, 問題集を解いて"
5/18/2019 8:25:37,男性,40歳～44歳,社会人,かなりある方だ,仕事,まあまあ好き,小学校入学以前から,,物心がついたときから・気が付いたら,理屈を考えるのが楽しかった,６～１０冊,かなり思う,隔週１回２時間程度～週１回２時間程度,かなり思う,微分・積分,確率・組み合わせ,数学の本（教科書、参考書を除く）を読んで
5/18/2019 8:33:28,男性,35歳～39歳,社会人,まあまあある方だ,プログラムを書く,まあまあ好き,小学校時代の算数の時から,,テストの点数など,小3の時に全国で100番ちょっとだった、と結果を知らされて,３～５冊,まあまあ思う,月１回２時間未満,まあまあ思う,ベクトル,確率・組み合わせ,"問題集を解いて, 人から個別に聞いて"
5/18/2019 9:12:03,女性,20歳～24歳,大学・短大・専門学生,かなりある方だ,math channel。,かなり好き,小学校時代の算数の時から,,学校の授業がきっかけ,,１、２冊,まあまあ思う,月１回２時間未満,かなり思う,関数,立体,"授業を聞いて, 問題集を解いて"
5/18/2019 9:38:45,女性,40歳～44歳,アルバイト・パート,かなりある方だ,息子の中学受験で。,まあまあ好き,小学校時代の算数の時から,,物心がついたときから・気が付いたら,単純に小学校時代は解けば正確な回答が出る、クイズの様な感覚でした。ただ、楽しみながら学んだこと=ある程度の基礎が出来た事から、中学での数学もさほど立ち止まる事が無く解けたので、自分にとっての自信を持てる科目となり、どんどん取り組める様になった気がします。,１、２冊,まあまあ思う,月１回２時間程度～隔週１回２時間程度,かなり思う,方程式・不等式,確率・組み合わせ,授業を聞いて
5/18/2019 10:07:07,男性,35歳～39歳,社会人,かなりある方だ,趣味。読書、問題を解く、問題を作る、等々。,かなり好き,高校生後半,,本や番組などがきっかけ,受験雑誌「大学への数学」に出会ったことがきっかけ。他の問題集にはないような解説・コメントを読んで、数学はゲームだと感じるようになった。,１１冊～２０冊,かなり思う,隔週１回２時間程度～週１回２時間程度,かなり思う,極限,平面幾何,"問題集を解いて, 数学の本（教科書、参考書を除く）を読んで"
5/18/2019 10:47:59,女性,25歳～29歳,社会人,ほとんど無い、まったく無い,,まあまあ嫌い,,高校生前半,数学の問題が解けなくなったから,,０冊,あまり思わない,,まあまあ思う,確率・組み合わせ,微分・積分,"授業を聞いて, 問題集を解いて"
5/18/2019 11:22:50,女性,20歳～24歳,大学院生,あまり無い方だ,,まあまあ好き,高校生前半,,テストの点数など,,１、２冊,かなり思う,月１回２時間程度～隔週１回２時間程度,かなり思う,三角比・三角関数,数列,"授業を聞いて, 問題集を解いて"
5/18/2019 11:53:24,女性,25歳～29歳,社会人,あまり無い方だ,買い物で○割引などの計算をする時,まあまあ嫌い,,高校生前半,学校の授業がきっかけ,途中から授業についていけなくなったから,０冊,あまり思わない,月１回２時間未満,まあまあ思う,特にない,微分・積分,"授業を聞いて, 問題集を解いて"
5/18/2019 12:09:58,男性,20歳～24歳,社会人,ほとんど無い、まったく無い,,かなり好き,小学校入学以前から,,物心がついたときから・気が付いたら,100マス計算や、車のナンバープレートの計算,６～１０冊,かなり思う,週１回２時間以上,かなり思う,関数,平面幾何,問題集を解いて
5/18/2019 12:18:51,男性,30歳～34歳,社会人,かなりある方だ,学校の授業,かなり好き,高校生前半,,友人や知人がきっかけ,教え合いの授業,３１冊～,まあまあ思う,月１回２時間程度～隔週１回２時間程度,かなり思う,方程式・不等式,平面幾何,"授業を聞いて, 人から個別に聞いて"
5/18/2019 12:27:07,女性,35歳～39歳,社会人,ほとんど無い、まったく無い,,まあまあ好き,中学生後半,,学校の授業がきっかけ,,０冊,あまり思わない,月１回２時間未満,まあまあ思う,特にない,特にない,"授業を聞いて, 問題集を解いて, 数学の本（教科書、参考書を除く）を読んで"
5/18/2019 12:52:15,男性,25歳～29歳,社会人,ほとんど無い、まったく無い,,まあまあ好き,中学生前半,,学校の授業がきっかけ,中学の数学の先生が課題が多く厳しかった。でもそれに食らいついていったら問題がどんどん解けるようになった。,６～１０冊,まあまあ思う,月１回２時間程度～隔週１回２時間程度,かなり思う,微分・積分,集合・論理,"授業を聞いて, 問題集を解いて"
5/18/2019 13:16:32,男性,20歳～24歳,社会人,かなりある方だ,教える,かなり好き,小学校時代の算数の時から,,チャレンジの五教科の内一番好きだった,進研ゼミの通信教育,１１冊～２０冊,かなり思う,月１回２時間未満,まったく思わない,整数,微分・積分,"授業を聞いて, 問題集を解いて, 数学の本（教科書、参考書を除く）を読んで"
5/18/2019 14:20:09,男性,25歳～29歳,社会人,あまり無い方だ,仕事,まあまあ好き,小学校時代の算数の時から,,塾の授業がきっかけ,解けた時のアハ体験,３～５冊,かなり思う,月１回２時間未満,かなり思う,計算問題,特にない,"授業を聞いて, 問題集を解いて, 数学の本（教科書、参考書を除く）を読んで"
5/18/2019 14:20:21,男性,20歳～24歳,社会人,まあまあある方だ,趣味で物理や数学の本を読んだりしている,まあまあ好き,小学校時代の算数の時から,,塾の授業がきっかけ,,６～１０冊,かなり思う,週１回２時間以上,かなり思う,微分・積分,数列,"授業を聞いて, 問題集を解いて, 数学の本（教科書、参考書を除く）を読んで"
5/18/2019 14:24:37,女性,20歳～24歳,社会人,ほとんど無い、まったく無い,,まあまあ好き,高校生前半,,学校の授業がきっかけ,数学ガールとの出会い,１１冊～２０冊,まあまあ思う,月１回２時間程度～隔週１回２時間程度,まあまあ思う,微分・積分,ベクトル,"授業を聞いて, 問題集を解いて"
5/18/2019 15:31:28,男性,50歳～54歳,社会人,まあまあある方だ,仕事および趣味,まあまあ好き,社会人になってから,,仕事で使うようになってから,仕事で使うようになったため（好きな理由）,０冊,かなり思う,月１回２時間程度～隔週１回２時間程度,かなり思う,計算問題,微分・積分,"授業を聞いて, 問題集を解いて"
5/18/2019 15:32:24,女性,25歳～29歳,社会人,まあまあある方だ,趣味、ネットで面白い問題を見つけた時など,かなり好き,小学校時代の算数の時から,,物心がついたときから・気が付いたら,小学生の時に塾に行っていなかったので、複数の解法や、計算を早くする方法をひとりで考える時間がたくさんあり、さらに好きになった。,６～１０冊,あまり思わない,月１回２時間未満,あまり思わない,確率・組み合わせ,平面幾何,"授業を聞いて, 問題集を解いて"
5/18/2019 23:50:54,女性,25歳～29歳,社会人,ほとんど無い、まったく無い,,かなり嫌い,,小学校時代の算数の時から,物心がついたときから・気が付いたら,,０冊,まあまあ思う,月１回２時間未満,かなり思う,方程式・不等式,平面幾何,授業を聞いて
5/19/2019 0:39:04,女性,25歳～29歳,社会人,ほとんど無い、まったく無い,,まあまあ好き,小学校時代の算数の時から,,塾の授業がきっかけ,,１、２冊,まったく思わない,,まあまあ思う,方程式・不等式,ベクトル,"授業を聞いて, 問題集を解いて"
5/19/2019 1:40:51,男性,25歳～29歳,社会人,まあまあある方だ,図面と現場との照合。数量算出するため。また、何度角度つければ所定の深度まで到達するか？など。,まあまあ好き,小学校時代の算数の時から,,物心がついたときから・気が付いたら,,１、２冊,まあまあ思う,月１回２時間程度～隔週１回２時間程度,かなり思う,三角比・三角関数,集合・論理,問題集を解いて
5/19/2019 6:17:39,女性,20歳～24歳,大学・短大・専門学生,まあまあある方だ,学校の代数学の授業,かなり嫌い,,中学生前半,物心がついたときから・気が付いたら,理解できなくなった,０冊,まあまあ思う,月１回２時間程度～隔週１回２時間程度,かなり思う,特にない,関数,"授業を聞いて, 問題集を解いて"
5/19/2019 6:18:58,男性,15歳～19歳,大学・短大・専門学生,かなりある方だ,講義,かなり好き,中学生前半,,学校の授業がきっかけ,中学二年生の時、新しく赴任してきた数学の先生の授業が面白く、問題を解く楽しみを知ったから。,３～５冊,かなり思う,月１回２時間程度～隔週１回２時間程度,まあまあ思う,数列,平面幾何,"授業を聞いて, 問題集を解いて, 人から個別に聞いて"
5/19/2019 6:22:13,男性,25歳～29歳,社会人,まあまあある方だ,会社でコーディングをしているとき、ゲーム開発などで,かなり好き,中学生後半,,学校の授業がきっかけ,高校時代、数B、数Cで習うことが何に役立つのかわからず一時嫌いになったことがあった。現在は嫌いではなくなり、興味のある分野になった,１、２冊,かなり思う,隔週１回２時間程度～週１回２時間程度,かなり思う,三角比・三角関数,数列,"授業を聞いて, 問題集を解いて, 人から個別に聞いて"
5/19/2019 6:22:52,男性,20歳～24歳,大学院生,まあまあある方だ,物理学の学習とクリエイティブコーディングで使う数式の構築,まあまあ好き,高校生前半,,物心がついたときから・気が付いたら,運動や反応などを数学できれいに説明できたこと。,３～５冊,かなり思う,隔週１回２時間程度～週１回２時間程度,かなり思う,関数,計算問題,"授業を聞いて, 数学の本（教科書、参考書を除く）を読んで, 物理学の学習の過程で"
5/19/2019 6:23:35,男性,15歳～19歳,高校生,かなりある方だ,授業,かなり好き,小学校時代の算数の時から,,学校の授業がきっかけ,,６～１０冊,かなり思う,,かなり思う,数学という学問体系,平面幾何,"授業を聞いて, 問題集を解いて, 数学の本（教科書、参考書を除く）を読んで"
5/19/2019 6:24:10,男性,15歳～19歳,高校生,かなりある方だ,受験勉強,まあまあ好き,小学校時代の算数の時から,,物心がついたときから・気が付いたら,,１、２冊,あまり思わない,週１回２時間以上,かなり思う,微分・積分,平面幾何,問題集を解いて
5/19/2019 6:28:48,男性,20歳～24歳,大学・短大・専門学生,かなりある方だ,数学科,かなり嫌い,,高校卒業後の進学先で（大学・専門学校など）,学校の授業がきっかけ,数学は哲学,３１冊～,かなり思う,週１回２時間以上,かなり思う,ベクトル,計算問題,"授業を聞いて, 問題集を解いて, 数学の本（教科書、参考書を除く）を読んで"
5/19/2019 6:45:36,男性,15歳～19歳,高等専門学校生,かなりある方だ,授業、趣味、,かなり好き,中学生前半,,本や番組などがきっかけ,論理的に組み立てられた式や法則、それが現実世界にも反映されているところ,３～５冊,かなり思う,週１回２時間以上,かなり思う,微分・積分,統計,"問題集を解いて, 数学の本（教科書、参考書を除く）を読んで, 人から個別に聞いて"
5/19/2019 6:46:35,男性,35歳～39歳,社会人,あまり無い方だ,営業仕事の実績計上、,かなり嫌い,,中学生後半,テストの点数など,,０冊,あまり思わない,,まあまあ思う,特にない,どの分野にあたるかが不明。,授業を聞いて
5/19/2019 6:48:41,男性,15歳～19歳,大学・短大・専門学生,かなりある方だ,授業,かなり好き,中学生後半,,テストの点数など,,６～１０冊,かなり思う,,かなり思う,微分・積分,平面幾何,"授業を聞いて, 問題集を解いて, 数学の本（教科書、参考書を除く）を読んで, 人から個別に聞いて"
5/19/2019 6:55:19,女性,50歳～54歳,社会人,かなりある方だ,子供が好きなので一緒に考えたり本を買ったり,まあまあ好き,小学校時代の算数の時から,高校生前半,学校の授業がきっかけ,元々好きだったが高校からついていけなくなった。,６～１０冊,まあまあ思う,月１回２時間程度～隔週１回２時間程度,かなり思う,平面幾何,微分・積分,問題集を解いて
5/19/2019 6:58:50,その他,25歳～29歳,社会人,ほとんど無い、まったく無い,,かなり嫌い,,小学校時代の算数の時から,学校の授業がきっかけ,,０冊,まあまあ思う,月１回２時間程度～隔週１回２時間程度,まったく思わない,特にない,確率・組み合わせ,授業を聞いて
5/19/2019 7:01:08,男性,20歳～24歳,大学・短大・専門学生,あまり無い方だ,大学の講義 買い物の計算,かなり好き,中学生前半,,友人や知人がきっかけ,友達に教えれた時や自分独自の解き方で解けた時,１、２冊,まあまあ思う,月１回２時間程度～隔週１回２時間程度,まあまあ思う,確率・組み合わせ,微分・積分,"授業を聞いて, 問題集を解いて, 人から個別に聞いて"
5/19/2019 7:02:54,女性,50歳～54歳,社会人,ほとんど無い、まったく無い,,まあまあ嫌い,,高校生前半,学校の授業がきっかけ,,３～５冊,まあまあ思う,月１回２時間程度～隔週１回２時間程度,かなり思う,平面幾何,微分・積分,"授業を聞いて, 問題集を解いて, 数学の本（教科書、参考書を除く）を読んで, 人から個別に聞いて"
5/19/2019 7:03:58,女性,50歳～54歳,主婦,ほとんど無い、まったく無い,,まあまあ嫌い,,中学生後半,学校の授業がきっかけ,,０冊,まあまあ思う,月１回２時間未満,かなり思う,特にない,三角比・三角関数,授業を聞いて
5/19/2019 7:06:05,女性,50歳～54歳,社会人,あまり無い方だ,子供の数学の宿題を手伝うとき,まあまあ好き,小学校時代の算数の時から,,テストの点数など,,０冊,まあまあ思う,月１回２時間程度～隔週１回２時間程度,かなり思う,確率・組み合わせ,集合・論理,"授業を聞いて, 問題集を解いて"
5/19/2019 7:06:46,男性,30歳～34歳,社会人,まあまあある方だ,"仕事中の休憩時間と実働、及び休憩交代の1サイクルによる経過時間と業務時間の擦り合わせ。
また駐車整理において即座に空き台数の報告が必要な場面での数え方。

ゲーム中の倍率計算。またそれが間に挟まれてからの何らかどうしの比較",かなり嫌い,,高校生前半,学校の授業がきっかけ,三角関数にて数字以外のものを使わないと数字を扱えないことにやり場のない人類の敗北感とやるせなさを感じて数学を知ることは全て無駄だと思うようになった,０冊,まあまあ思う,月１回２時間程度～隔週１回２時間程度,かなり思う,確率・組み合わせ,三角比・三角関数,授業を聞いて
5/19/2019 7:08:21,女性,35歳～39歳,社会人,あまり無い方だ,子どもの宿題,まあまあ好き,中学生前半,,塾の授業がきっかけ,,１、２冊,まあまあ思う,隔週１回２時間程度～週１回２時間程度,かなり思う,ベクトル,確率・組み合わせ,問題集を解いて
5/19/2019 7:08:50,男性,15歳～19歳,高校生,かなりある方だ,,かなり好き,高校生前半,,テストの点数など,,０冊,まあまあ思う,週１回２時間以上,かなり思う,微分・積分,方程式・不等式,"授業を聞いて, 問題集を解いて"
5/19/2019 7:12:10,女性,20歳～24歳,大学・短大・専門学生,まあまあある方だ,学部の授業で,まあまあ好き,高校生後半,,塾の授業がきっかけ,,３～５冊,かなり思う,月１回２時間程度～隔週１回２時間程度,まあまあ思う,三角比・三角関数,確率・組み合わせ,"授業を聞いて, 問題集を解いて"
5/19/2019 7:14:28,女性,45歳～49歳,社会人,あまり無い方だ,姪が中学受験時に教えていました,まあまあ好き,社会人になってから,,社会人になってから放送大学で数学を受講し、基本が分かるようになったから,中学･高校生時は理解度に関わらず進む授業に置いてけぼりにされていました。放送大学の授業を録画・分かるまで何度も再生、一時停止してノート記入といった方法で時間をかけて理解しました。分かるようになると問題を解くのが楽しいです。,１、２冊,かなり思う,隔週１回２時間程度～週１回２時間程度,かなり思う,数列,微分・積分,授業を聞いて
5/19/2019 7:15:13,女性,40歳～44歳,社会人,まあまあある方だ,子どもに算数や数学を教えるとき,まあまあ好き,小学校時代の算数の時から,,物心がついたときから・気が付いたら,,０冊,あまり思わない,,かなり思う,特にない,確率・組み合わせ,"授業を聞いて, 問題集を解いて, 数学の本（教科書、参考書を除く）を読んで, 人から個別に聞いて"
5/19/2019 7:18:43,男性,15歳～19歳,大学・短大・専門学生,かなりある方だ,授業,まあまあ好き,小学校時代の算数の時から,,物心がついたときから・気が付いたら,,０冊,かなり思う,隔週１回２時間程度～週１回２時間程度,まあまあ思う,方程式・不等式,ベクトル,"授業を聞いて, 問題集を解いて"
5/19/2019 7:21:33,男性,20歳～24歳,大学・短大・専門学生,まあまあある方だ,化学、物理の計算,かなり好き,高校生前半,,学校の先生がきっかけ,,３～５冊,まあまあ思う,隔週１回２時間程度～週１回２時間程度,まあまあ思う,数列,平面幾何,"授業を聞いて, 問題集を解いて"
5/19/2019 7:23:24,男性,15歳～19歳,浪人生,かなりある方だ,授業で,まあまあ好き,小学校時代の算数の時から,,物心がついたときから・気が付いたら,,０冊,かなり思う,月１回２時間程度～隔週１回２時間程度,かなり思う,微分・積分,確率・組み合わせ,"授業を聞いて, 問題集を解いて"
5/19/2019 7:23:35,女性,30歳～34歳,主婦,あまり無い方だ,日常の計算が必要な調理、買い物、サイズ測定、距離計算、あとは夫の趣味(プログラミング)の話を聞く時に触れることが多いです。,まあまあ好き,小学校時代の算数の時から,,塾の授業がきっかけ,星が好きだったので、光年の概念と宇宙物理学と学校で習う算数との差に驚いた覚えがあります。,３～５冊,かなり思う,隔週１回２時間程度～週１回２時間程度,まあまあ思う,平面幾何,微分・積分,"授業を聞いて, 問題集を解いて, 数学の本（教科書、参考書を除く）を読んで"
5/19/2019 7:23:41,男性,20歳～24歳,大学・短大・専門学生,かなりある方だ,数学科所属,かなり好き,中学生後半,,テストの点数など,,６～１０冊,かなり思う,週１回２時間以上,かなり思う,数列,平面幾何,"授業を聞いて, 問題集を解いて, 数学の本（教科書、参考書を除く）を読んで, ウェブサイト"
5/19/2019 7:24:16,男性,15歳～19歳,高校生,かなりある方だ,学校,かなり好き,高校生前半,,学校の授業がきっかけ,高2の数学担当,１、２冊,かなり思う,週１回２時間以上,かなり思う,微分・積分,数列,人から個別に聞いて
5/19/2019 7:31:35,男性,15歳～19歳,高校生,かなりある方だ,授業・自習,まあまあ好き,中学生後半,,学校の先生がきっかけ,教師が良かった,１、２冊,かなり思う,隔週１回２時間程度～週１回２時間程度,かなり思う,集合・論理,関数,"授業を聞いて, 問題集を解いて, 数学の本（教科書、参考書を除く）を読んで, 人から個別に聞いて"
5/19/2019 7:32:26,男性,15歳～19歳,高校生,かなりある方だ,,かなり好き,小学校時代の算数の時から,,物心がついたときから・気が付いたら,,６～１０冊,まあまあ思う,隔週１回２時間程度～週１回２時間程度,かなり思う,ベクトル,計算問題,問題集を解いて
5/19/2019 7:36:56,男性,15歳～19歳,高校生,かなりある方だ,大学受験勉強,かなり好き,中学生前半,,学校の先生がきっかけ,,３～５冊,まあまあ思う,週１回２時間以上,かなり思う,微分・積分,ベクトル,"授業を聞いて, 問題集を解いて"
5/19/2019 7:43:09,男性,15歳～19歳,高校生,かなりある方だ,,まあまあ好き,中学生後半,,テストの点数など,,１、２冊,あまり思わない,週１回２時間以上,かなり思う,三角比・三角関数,数列,問題集を解いて
5/19/2019 7:44:50,男性,15歳～19歳,大学・短大・専門学生,かなりある方だ,大学の講義,かなり好き,小学校入学以前から,,物心がついたときから・気が付いたら,定義の下での演繹性が気に入った,６～１０冊,かなり思う,週１回２時間以上,かなり思う,線型代数学,特にない,"授業を聞いて, 問題集を解いて, ネットで調べて"
5/19/2019 7:54:08,その他,50歳～54歳,社会人,ほとんど無い、まったく無い,,まあまあ嫌い,,小学校時代の算数の時から,親や兄弟がきっかけ,,６～１０冊,まあまあ思う,週１回２時間以上,かなり思う,証明,関数,"授業を聞いて, 人から個別に聞いて"
5/19/2019 7:54:29,女性,35歳～39歳,主婦,かなりある方だ,小学生の子供の宿題,かなり嫌い,,小学校時代の算数の時から,学校の授業がきっかけ,,１、２冊,まあまあ思う,月１回２時間程度～隔週１回２時間程度,かなり思う,特にない,全て,"授業を聞いて, 問題集を解いて, 人から個別に聞いて"
5/19/2019 7:55:17,男性,20歳～24歳,社会人,あまり無い方だ,,まあまあ好き,中学生後半,,学校の先生がきっかけ,,１１冊～２０冊,かなり思う,週１回２時間以上,かなり思う,三角比・三角関数,三角比・三角関数,"授業を聞いて, 問題集を解いて, 人から個別に聞いて"
5/19/2019 7:56:15,男性,45歳～49歳,社会人,まあまあある方だ,親戚に教える為,まあまあ好き,小学校時代の算数の時から,,塾の授業がきっかけ,,０冊,まあまあ思う,月１回２時間程度～隔週１回２時間程度,かなり思う,図形を関数で解けるところ,微分・積分,授業を聞いて
5/19/2019 7:57:00,女性,30歳～34歳,アルバイト・パート,まあまあある方だ,仕事上,まあまあ嫌い,,中学生前半,学校の授業がきっかけ,グラフ、作図が無理,０冊,かなり思う,隔週１回２時間程度～週１回２時間程度,かなり思う,計算問題,三角比・三角関数,授業を聞いて
5/19/2019 7:59:07,女性,20歳～24歳,大学・短大・専門学生,かなりある方だ,大学でレポートを出すとき、バイト(塾講)で,まあまあ嫌い,,高校生後半,学校の授業がきっかけ,数Bが難しすぎた。,０冊,まあまあ思う,月１回２時間未満,かなり思う,計算問題,数列,"授業を聞いて, 問題集を解いて, 人から個別に聞いて"
5/19/2019 7:59:30,女性,50歳～54歳,アルバイト・パート,あまり無い方だ,,まあまあ好き,小学校時代の算数の時から,,塾の授業がきっかけ,,０冊,かなり思う,月１回２時間程度～隔週１回２時間程度,あまり思わない,特にない,特にない,問題集を解いて
5/19/2019 8:00:54,男性,15歳～19歳,大学・短大・専門学生,かなりある方だ,大学の授業,かなり好き,中学生後半,,物心がついたときから・気が付いたら,,１、２冊,かなり思う,月１回２時間程度～隔週１回２時間程度,かなり思う,微分・積分,確率・組み合わせ,"授業を聞いて, 問題集を解いて, 数学の本（教科書、参考書を除く）を読んで"
5/19/2019 8:05:32,男性,35歳～39歳,社会人,まあまあある方だ,見積もりの積算根拠およびそれに関する関数式など,まあまあ好き,小学校入学以前から,,親や兄弟がきっかけ,褒められたから,６～１０冊,かなり思う,月１回２時間程度～隔週１回２時間程度,かなり思う,微分・積分,確率・組み合わせ,"授業を聞いて, 問題集を解いて, 数学の本（教科書、参考書を除く）を読んで"
5/19/2019 8:07:04,女性,15歳～19歳,大学・短大・専門学生,かなりある方だ,授業,かなり好き,中学生後半,,物心がついたときから・気が付いたら,美しさに気づいた,３～５冊,かなり思う,隔週１回２時間程度～週１回２時間程度,かなり思う,微分・積分,計算問題,"授業を聞いて, 問題集を解いて, 数学の本（教科書、参考書を除く）を読んで"
5/19/2019 8:09:08,男性,15歳～19歳,大学・短大・専門学生,ほとんど無い、まったく無い,,まあまあ嫌い,,中学生後半,テストの点数など,,０冊,まあまあ思う,月１回２時間程度～隔週１回２時間程度,まあまあ思う,平面幾何,三角比・三角関数,"授業を聞いて, 問題集を解いて"
5/19/2019 8:10:30,男性,15歳～19歳,大学・短大・専門学生,かなりある方だ,書籍 授業,かなり好き,小学校時代の算数の時から,,本や番組などがきっかけ,公文を解いて興味を持ち、本を読んで好きになった,６～１０冊,かなり思う,週１回２時間以上,かなり思う,関数,平面幾何,"問題集を解いて, 数学の本（教科書、参考書を除く）を読んで"
5/19/2019 8:11:56,男性,20歳～24歳,大学・短大・専門学生,かなりある方だ,日常生活,まあまあ好き,小学校時代の算数の時から,,本や番組などがきっかけ,,３～５冊,まあまあ思う,月１回２時間未満,まあまあ思う,平面幾何,微分・積分,"問題集を解いて, 数学の本（教科書、参考書を除く）を読んで"
5/19/2019 8:13:39,男性,20歳～24歳,大学・短大・専門学生,まあまあある方だ,研究時,まあまあ嫌い,,小学校時代の算数の時から,物心がついたときから・気が付いたら,,１、２冊,あまり思わない,月１回２時間未満,まあまあ思う,関数,確率・組み合わせ,"授業を聞いて, 人から個別に聞いて"
5/19/2019 8:14:17,男性,15歳～19歳,高校生,かなりある方だ,,かなり好き,小学校入学以前から,,本や番組などがきっかけ,,３１冊～,かなり思う,週１回２時間以上,かなり思う,方程式・不等式,確率・組み合わせ,"問題集を解いて, 数学の本（教科書、参考書を除く）を読んで"
5/19/2019 8:17:32,男性,45歳～49歳,社会人,まあまあある方だ,集計、設計・製作用図面の確認、算出など,かなり好き,小学校時代の算数の時から,,塾の授業がきっかけ,公文式で計算自体が出来るようになり、その余裕から、より深く計算に触れるようになったため。解法を編み出すことに熱中しました。,０冊,まあまあ思う,,かなり思う,微分・積分,確率・組み合わせ,"授業を聞いて, 問題集を解いて"
5/19/2019 8:19:57,男性,15歳～19歳,大学・短大・専門学生,かなりある方だ,,まあまあ好き,高校卒業後の進学先で（大学・専門学校など）,,塾の授業がきっかけ,,１、２冊,まあまあ思う,隔週１回２時間程度～週１回２時間程度,まあまあ思う,数列,平面幾何,"授業を聞いて, 問題集を解いて"
5/19/2019 8:26:13,女性,15歳～19歳,高校生,かなりある方だ,学校の授業,まあまあ嫌い,,中学生後半,学校の授業がきっかけ,,１、２冊,まあまあ思う,月１回２時間未満,かなり思う,特にない,関数,数学の本（教科書、参考書を除く）を読んで
5/19/2019 8:29:18,女性,40歳～44歳,社会人,あまり無い方だ,会社の収支計算,まあまあ嫌い,,高校生後半,テストの点数など,確率統計・微分積分がさっぱりだったため,０冊,かなり思う,週１回２時間以上,かなり思う,三角比・三角関数,確率・組み合わせ,"授業を聞いて, 問題集を解いて, 数学の本（教科書、参考書を除く）を読んで, 人から個別に聞いて"
5/19/2019 8:46:52,女性,45歳～49歳,社会人,あまり無い方だ,請求書の消費税チェック等,かなり嫌い,,小学校時代の算数の時から,学校の授業がきっかけ,時間の足し算引き算がなかなか出来なかった,１、２冊,あまり思わない,,まあまあ思う,方程式・不等式,微分・積分,"授業を聞いて, 問題集を解いて, 人から個別に聞いて"
5/19/2019 8:47:43,男性,15歳～19歳,高校生,かなりある方だ,学校の授業・Youtubeでの実況,かなり好き,小学校入学以前から,,物心がついたときから・気が付いたら,,６～１０冊,かなり思う,週１回２時間以上,まあまあ思う,整数,確率・組み合わせ,"授業を聞いて, 問題集を解いて, 数学の本（教科書、参考書を除く）を読んで, 人から個別に聞いて"
5/19/2019 8:52:03,女性,30歳～34歳,社会人,あまり無い方だ,伝票確認の総合計数確認の足し算,かなり嫌い,,中学生前半,教科書の意味が分からない（公式など丸覚えしろというやつが特に）,,０冊,まったく思わない,,あまり思わない,特にない,そもそも上記の半分くらいが何を言ってるのかわからない（ので選べない,"授業を聞いて, 塾（公文）"
5/19/2019 8:52:41,男性,15歳～19歳,中学生以下,かなりある方だ,授業、予習、家庭での勉強,かなり好き,小学校時代の算数の時から,,物心がついたときから・気が付いたら,自分に合っている,３～５冊,まあまあ思う,週１回２時間以上,まあまあ思う,平面幾何,方程式・不等式,"授業を聞いて, 問題集を解いて, 数学の本（教科書、参考書を除く）を読んで, 人から個別に聞いて"
5/19/2019 8:53:51,男性,15歳～19歳,高校生,まあまあある方だ,,かなり嫌い,,中学生前半,テストの点数など,わからない分野が段々と増えていき、処理するスピードが追いつかないこと。,１、２冊,まあまあ思う,月１回２時間未満,まあまあ思う,集合・論理,関数,"授業を聞いて, 問題集を解いて, 数学の本（教科書、参考書を除く）を読んで"
5/19/2019 8:54:40,男性,15歳～19歳,高校生,かなりある方だ,受験勉強,まあまあ好き,中学生前半,,物心がついたときから・気が付いたら,,１、２冊,かなり思う,隔週１回２時間程度～週１回２時間程度,かなり思う,微分・積分,確率・組み合わせ,"授業を聞いて, 問題集を解いて, 数学の本（教科書、参考書を除く）を読んで"
5/19/2019 8:55:24,男性,15歳～19歳,高校生,かなりある方だ,授業、YouTube,かなり好き,中学生後半,,YouTubeで微積の存在を知ったから,,１、２冊,かなり思う,隔週１回２時間程度～週１回２時間程度,あまり思わない,微分・積分,ベクトル,"授業を聞いて, YouTubeの動画を見る"
5/19/2019 8:57:16,男性,20歳～24歳,大学・短大・専門学生,まあまあある方だ,授業,まあまあ好き,小学校時代の算数の時から,,学校の授業がきっかけ,授業で自信が持てたこと,０冊,まあまあ思う,週１回２時間以上,かなり思う,確率・組み合わせ,微分・積分,授業を聞いて
5/19/2019 8:57:17,男性,15歳～19歳,大学・短大・専門学生,かなりある方だ,学校の授業,まあまあ嫌い,,小学校入学以前から,物心がついたときから・気が付いたら,,１１冊～２０冊,あまり思わない,月１回２時間程度～隔週１回２時間程度,まあまあ思う,関数,確率・組み合わせ,"授業を聞いて, 問題集を解いて, 数学の本（教科書、参考書を除く）を読んで"
5/19/2019 8:58:07,男性,25歳～29歳,社会人,まあまあある方だ,化学工学計算(積分),まあまあ好き,高校卒業後の進学先で（大学・専門学校など）,,本や番組などがきっかけ,良い参考書に出会えた,１、２冊,まあまあ思う,月１回２時間程度～隔週１回２時間程度,かなり思う,微分・積分,数列,"授業を聞いて, 問題集を解いて"
5/19/2019 9:11:27,女性,20歳～24歳,大学・短大・専門学生,ほとんど無い、まったく無い,,まあまあ好き,小学校時代の算数の時から,,物心がついたときから・気が付いたら,,１、２冊,あまり思わない,月１回２時間未満,かなり思う,確率・組み合わせ,三角比・三角関数,"授業を聞いて, 問題集を解いて"
5/19/2019 9:14:01,男性,15歳～19歳,大学・短大・専門学生,かなりある方だ,大学の専門科目学習前の基礎として,まあまあ嫌い,,小学校時代の算数の時から,自身のケアレスミスの多さから,理由のわからない計算ミスが多発して、ミスの方向性が見えないと先生にも匙を投げられた。,１、２冊,かなり思う,隔週１回２時間程度～週１回２時間程度,かなり思う,三角比・三角関数,数列,"授業を聞いて, 問題集を解いて"
5/19/2019 9:17:09,男性,20歳～24歳,大学・短大・専門学生,かなりある方だ,,かなり好き,小学校時代の算数の時から,,学校の先生がきっかけ,,６～１０冊,かなり思う,週１回２時間以上,かなり思う,平面幾何,微分・積分,"授業を聞いて, 問題集を解いて"
5/19/2019 9:31:32,男性,15歳～19歳,高校生,かなりある方だ,授業、予備校、また趣味で,かなり好き,高校生前半,,塾の授業がきっかけ,今まで数学嫌いであったが、予備校の分かりやすく興味深い授業を受けて楽しくなり数学嫌いが解消されたら,１、２冊,かなり思う,週１回２時間以上,かなり思う,関数,平面幾何,"授業を聞いて, 問題集を解いて"
5/19/2019 9:31:43,男性,20歳～24歳,大学・短大・専門学生,あまり無い方だ,YouTubeの解説動画,かなり好き,小学校時代の算数の時から,,塾の先生がきっかけ,小学校の塾の先生がわかりやすく、面白く教えてくれたから。,６～１０冊,かなり思う,月１回２時間程度～隔週１回２時間程度,あまり思わない,数列,微分・積分,"授業を聞いて, 問題集を解いて, 人から個別に聞いて"
5/19/2019 9:31:47,男性,20歳～24歳,大学院生,かなりある方だ,研究,かなり好き,高校卒業後の進学先で（大学・専門学校など）,,塾の授業がきっかけ,,３～５冊,まあまあ思う,隔週１回２時間程度～週１回２時間程度,かなり思う,微分・積分,確率・組み合わせ,"授業を聞いて, 問題集を解いて"
5/19/2019 9:32:26,男性,20歳～24歳,大学院生,まあまあある方だ,研究中、授業中、塾講師のアルバイト中,かなり好き,高校生前半,中学生後半,学校の授業がきっかけ,小学校までは簡単すぎてつまらなかったが、中学生になり解の公式や因数分解などがおもしろくなり、さらに高校でレベルアップしておもしろくなった(数学は好きだが、すごく得意というわけではない),１、２冊,かなり思う,週１回２時間以上,まあまあ思う,特にない,確率・組み合わせ,"授業を聞いて, 問題集を解いて, 人から個別に聞いて"
5/19/2019 9:43:39,男性,15歳～19歳,大学・短大・専門学生,まあまあある方だ,授業,まあまあ好き,高校生前半,,本や番組などがきっかけ,,３～５冊,かなり思う,隔週１回２時間程度～週１回２時間程度,かなり思う,集合・論理,微分・積分,"授業を聞いて, 問題集を解いて, 数学の本（教科書、参考書を除く）を読んで"
5/19/2019 9:49:36,男性,35歳～39歳,社会人,ほとんど無い、まったく無い,,まあまあ好き,小学校時代の算数の時から,,物心がついたときから・気が付いたら,,６～１０冊,まあまあ思う,月１回２時間程度～隔週１回２時間程度,かなり思う,確率・組み合わせ,計算問題,数学の本（教科書、参考書を除く）を読んで
5/19/2019 9:51:25,男性,15歳～19歳,高校生,かなりある方だ,高校の授業、趣味の理科系のことを考える時,かなり好き,高校生後半,,本や番組などがきっかけ,動画サイトで数学のことを分かりやすく解説している動画を見た時,３～５冊,かなり思う,週１回２時間以上,かなり思う,関数,確率・組み合わせ,"授業を聞いて, 動画を見て"
5/19/2019 9:52:06,男性,20歳～24歳,社会人,あまり無い方だ,,まあまあ好き,中学生前半,,テストの点数など,公文で習っていたアドバンテージで計算が早く、テストも良好な点をとっていたため、それを維持することが動機となり、積極的に勉強するようになった。大学で物理化学系を学ぶうちに道具としての数学の必要性も痛感した。,３～５冊,まあまあ思う,隔週１回２時間程度～週１回２時間程度,かなり思う,確率・組み合わせ,特にない,"授業を聞いて, 問題集を解いて, 数学の本（教科書、参考書を除く）を読んで"
5/19/2019 9:59:13,男性,15歳～19歳,高校生,かなりある方だ,学校、塾、趣味、SNS、オリンピックなど,かなり好き,小学校入学以前から,,物心がついたときから・気が付いたら,小さな頃からナンバープレートを読上げていたり、自由帳に時計ばっか書いていたらしい,３～５冊,かなり思う,週１回２時間以上,まあまあ思う,確率・組み合わせ,微分・積分,"授業を聞いて, 問題集を解いて, 数学の本（教科書、参考書を除く）を読んで, 人から個別に聞いて"
5/19/2019 10:07:27,男性,15歳～19歳,高校生,かなりある方だ,気になったことを調べる,かなり好き,小学校時代の算数の時から,,物心がついたときから・気が付いたら,気がついたらなんとなく取り憑かれていた,３１冊～,かなり思う,隔週１回２時間程度～週１回２時間程度,かなり思う,特にない,集合・論理,"授業を聞いて, 数学の本（教科書、参考書を除く）を読んで, 人から個別に聞いて, インターネットで"
5/19/2019 10:08:28,男性,15歳～19歳,大学・短大・専門学生,かなりある方だ,大学の講義,かなり好き,中学生前半,,塾の授業がきっかけ,国語と違ってはっきりと答えが出たとき,３～５冊,まあまあ思う,隔週１回２時間程度～週１回２時間程度,まあまあ思う,平面幾何,特にない,"授業を聞いて, 問題集を解いて"
5/19/2019 10:10:54,男性,20歳～24歳,大学・短大・専門学生,かなりある方だ,教材研究,かなり好き,小学校入学以前から,,物心がついたときから・気が付いたら,,３１冊～,かなり思う,週１回２時間以上,かなり思う,数列,微分・積分,授業を聞いて
5/19/2019 10:13:11,男性,20歳～24歳,浪人,かなりある方だ,,かなり好き,小学校時代の算数の時から,,物心がついたときから・気が付いたら,,１、２冊,かなり思う,週１回２時間以上,かなり思う,計算問題,平面幾何,"授業を聞いて, 問題集を解いて"
5/19/2019 10:16:27,女性,35歳～39歳,主婦,あまり無い方だ,子供(小6)の宿題を教えるとき,まあまあ嫌い,,中学生前半,テストの点数など,授業の内容が理解できなくなった。,０冊,あまり思わない,月１回２時間程度～隔週１回２時間程度,まあまあ思う,特にない,確率・組み合わせ,授業を聞いて
5/19/2019 10:16:59,女性,20歳～24歳,社会人,あまり無い方だ,日常的に計算をする時,まあまあ嫌い,,中学生後半,学校の授業がきっかけ,,０冊,あまり思わない,月１回２時間未満,まあまあ思う,計算問題,平面幾何,"授業を聞いて, 問題集を解いて"
5/19/2019 10:20:27,男性,15歳～19歳,高校生,かなりある方だ,学校,かなり好き,小学校時代の算数の時から,,学校の授業がきっかけ,難問の解法を基礎問題のレベルに分解できた,３～５冊,かなり思う,隔週１回２時間程度～週１回２時間程度,かなり思う,方程式・不等式,特にない,問題集を解いて
5/19/2019 10:22:38,男性,25歳～29歳,大学・短大・専門学生,ほとんど無い、まったく無い,,まあまあ好き,高校卒業後の進学先で（大学・専門学校など）,,友人や知人がきっかけ,具体的な数値の計算をするのが苦手でしたが、数学系の友人の勉強の話を聞くのは楽しかったです。,０冊,まあまあ思う,月１回２時間未満,かなり思う,平面幾何,計算問題,問題集を解いて
5/19/2019 10:24:38,男性,15歳～19歳,大学・短大・専門学生,かなりある方だ,大学の講義,かなり嫌い,,高校生前半,物心がついたときから・気が付いたら,,１、２冊,まあまあ思う,隔週１回２時間程度～週１回２時間程度,まあまあ思う,特にない,集合・論理,"授業を聞いて, 問題集を解いて"
5/19/2019 10:27:54,男性,20歳～24歳,大学・短大・専門学生,かなりある方だ,大学の研究において利用する,まあまあ好き,高校卒業後の進学先で（大学・専門学校など）,,友人や知人がきっかけ,,１、２冊,あまり思わない,,まあまあ思う,微分・積分,平面幾何,"授業を聞いて, 問題集を解いて"
5/19/2019 10:30:57,女性,30歳～34歳,アルバイト・パート,かなりある方だ,再び大学に行こうと思ったので、学びなおしています。,かなり好き,小学校時代の算数の時から,,物心がついたときから・気が付いたら,,１、２冊,かなり思う,週１回２時間以上,まあまあ思う,微分・積分,三角比・三角関数,"授業を聞いて, 問題集を解いて"
5/19/2019 10:32:49,男性,20歳～24歳,大学・短大・専門学生,かなりある方だ,教員採用試験のため,まあまあ嫌い,,高校生前半,学校の授業がきっかけ,分からなくなった、難易度が上がった,０冊,まあまあ思う,隔週１回２時間程度～週１回２時間程度,まあまあ思う,平面幾何,微分積分、ベクトル、余弦正弦、集合,"授業を聞いて, 問題集を解いて, 人から個別に聞いて"
5/19/2019 10:33:00,男性,20歳～24歳,大学・短大・専門学生,かなりある方だ,学校の勉強、アルバイト,かなり好き,中学生後半,,塾の先生がきっかけ,三角形の合同や相似の証明に感動したから。,１１冊～２０冊,かなり思う,週１回２時間以上,かなり思う,微分・積分,平面幾何,"授業を聞いて, 問題集を解いて, 数学の本（教科書、参考書を除く）を読んで, 人から個別に聞いて"
5/19/2019 10:43:00,男性,15歳～19歳,中学生以下,かなりある方だ,"学校、塾の授業
自宅での勉強
趣味の数学問題",かなり好き,中学生前半,,テストの点数など,,１、２冊,まあまあ思う,隔週１回２時間程度～週１回２時間程度,かなり思う,関数,確率・組み合わせ,"授業を聞いて, 問題集を解いて, 人から個別に聞いて"
5/19/2019 10:46:45,女性,40歳～44歳,主婦,ほとんど無い、まったく無い,,かなり嫌い,,小学校時代の算数の時から,物心がついたときから・気が付いたら,,１、２冊,まあまあ思う,月１回２時間程度～隔週１回２時間程度,かなり思う,平面幾何,微分・積分,"授業を聞いて, 問題集を解いて"
5/19/2019 10:51:42,その他,20歳～24歳,ニート,あまり無い方だ,お金の計算するとき,まあまあ好き,小学校時代の算数の時から,小学校時代の算数の時から,学校の授業がきっかけ,,１、２冊,まあまあ思う,月１回２時間未満,かなり思う,特にない,特にない,"授業を聞いて, 問題集を解いて, 数学の本（教科書、参考書を除く）を読んで, 人から個別に聞いて, 特にない"
5/19/2019 10:52:59,男性,25歳～29歳,大学・短大・専門学生,まあまあある方だ,趣味（プログラミングなど）,かなり好き,小学校入学以前から,,物心がついたときから・気が付いたら,,１１冊～２０冊,かなり思う,,まあまあ思う,数列,平面幾何,"問題集を解いて, 数学の本（教科書、参考書を除く）を読んで"
5/19/2019 10:55:51,女性,40歳～44歳,主婦,あまり無い方だ,子どもの宿題,かなり好き,小学校時代の算数の時から,,学校の授業がきっかけ,,１、２冊,かなり思う,週１回２時間以上,かなり思う,平面幾何,集合・論理,"授業を聞いて, 問題集を解いて"
5/19/2019 11:04:39,女性,20歳～24歳,大学・短大・専門学生,あまり無い方だ,大学の講義,まあまあ好き,中学生後半,,学校の授業がきっかけ,,１、２冊,かなり思う,隔週１回２時間程度～週１回２時間程度,あまり思わない,数列,複素数平面,"授業を聞いて, 問題集を解いて"
5/19/2019 11:06:16,女性,20歳～24歳,大学・短大・専門学生,まあまあある方だ,SPI,かなり嫌い,,中学生後半,学校の授業がきっかけ,必要な場面があるのは理解できるけれどなんだか面倒くさい,１、２冊,かなり思う,隔週１回２時間程度～週１回２時間程度,かなり思う,特にない,全体,授業を聞いて
5/19/2019 11:12:41,男性,15歳～19歳,高校生,まあまあある方だ,授業し,まあまあ好き,小学校時代の算数の時から,,塾の授業がきっかけ,方程式っぽいのを使うのが楽しかった,１、２冊,あまり思わない,月１回２時間未満,かなり思う,ベクトル,平面幾何,"授業を聞いて, 問題集を解いて"
5/19/2019 11:14:57,その他,15歳～19歳,高校生,かなりある方だ,学校の授業,まあまあ好き,高校生前半,,学校の先生がきっかけ,先生の授業が面白かったから,３～５冊,かなり思う,月１回２時間未満,かなり思う,方程式・不等式,確率・組み合わせ,"授業を聞いて, 問題集を解いて, 数学の本（教科書、参考書を除く）を読んで"
5/19/2019 11:23:24,男性,15歳～19歳,高校生,まあまあある方だ,学校,かなり好き,小学校入学以前から,,本や番組などがきっかけ,親,０冊,かなり思う,週１回２時間以上,かなり思う,三角比・三角関数,関数,特にない
5/19/2019 11:29:09,男性,15歳～19歳,大学・短大・専門学生,あまり無い方だ,買い物時の計算,かなり好き,中学生前半,,物心がついたときから・気が付いたら,自分が賢くなるのが分かりやすいから。,０冊,あまり思わない,月１回２時間未満,まあまあ思う,ベクトル,平面幾何,"授業を聞いて, 問題集を解いて"
5/19/2019 11:40:39,男性,15歳～19歳,高校生,まあまあある方だ,高校の授業,まあまあ嫌い,,中学生前半,テストの点数など,,０冊,あまり思わない,月１回２時間程度～隔週１回２時間程度,まあまあ思う,ベクトル,確率・組み合わせ,授業を聞いて
5/19/2019 11:41:28,男性,15歳～19歳,大学・短大・専門学生,かなりある方だ,講義にて,かなり好き,小学校時代の算数の時から,,物心がついたときから・気が付いたら,,３～５冊,かなり思う,隔週１回２時間程度～週１回２時間程度,かなり思う,微分・積分,確率・組み合わせ,"授業を聞いて, 問題集を解いて, 数学の本（教科書、参考書を除く）を読んで"
5/19/2019 11:42:41,女性,20歳～24歳,大学・短大・専門学生,あまり無い方だ,自己の学習の際,かなり好き,小学校時代の算数の時から,,物心がついたときから・気が付いたら,解けることが楽しかった,３～５冊,かなり思う,隔週１回２時間程度～週１回２時間程度,かなり思う,確率・組み合わせ,ベクトル,授業を聞いて
5/19/2019 11:44:44,男性,15歳～19歳,大学・短大・専門学生,まあまあある方だ,週に60時間は触れる,かなり好き,小学校時代の算数の時から,,学校の授業がきっかけ,,３～５冊,かなり思う,週１回２時間以上,かなり思う,微分・積分,数列,"授業を聞いて, 問題集を解いて"
5/19/2019 11:45:55,男性,15歳～19歳,大学・短大・専門学生,かなりある方だ,週に60時間は触れる,かなり好き,小学校時代の算数の時から,社会人になってから,学校の授業がきっかけ,,３～５冊,かなり思う,週１回２時間以上,かなり思う,微分・積分,数列,"授業を聞いて, 問題集を解いて, 人から個別に聞いて"
5/19/2019 11:49:46,男性,15歳～19歳,大学・短大・専門学生,かなりある方だ,授業,かなり好き,小学校時代の算数の時から,,物心がついたときから・気が付いたら,,３１冊～,かなり思う,週１回２時間以上,かなり思う,平面幾何,特にない,"授業を聞いて, 問題集を解いて, 数学の本（教科書、参考書を除く）を読んで"
5/19/2019 11:50:14,男性,25歳～29歳,社会人,まあまあある方だ,決算のとき,まあまあ好き,高校生前半,,友人や知人がきっかけ,,３～５冊,かなり思う,週１回２時間以上,まあまあ思う,微分・積分,確率・組み合わせ,問題集を解いて
5/19/2019 12:25:03,男性,45歳～49歳,社会人,かなりある方だ,,まあまあ好き,社会人になってから,,仕事,,０冊,まあまあ思う,月１回２時間程度～隔週１回２時間程度,まあまあ思う,確率・組み合わせ,集合・論理,問題集を解いて
5/19/2019 12:42:30,男性,20歳～24歳,社会人,まあまあある方だ,プログラミングなどで,まあまあ好き,高校生後半,,学校の先生がきっかけ,数学の先生の授業方針が自分にはまった。,３～５冊,まあまあ思う,月１回２時間程度～隔週１回２時間程度,まあまあ思う,微分・積分,確率・組み合わせ,問題集を解いて
5/19/2019 12:48:07,男性,25歳～29歳,社会人,かなりある方だ,仕事で,まあまあ好き,小学校入学以前から,,物心がついたときから・気が付いたら,,１１冊～２０冊,まあまあ思う,月１回２時間程度～隔週１回２時間程度,かなり思う,代数幾何,計算問題,"授業を聞いて, 問題集を解いて, 数学の本（教科書、参考書を除く）を読んで"
5/19/2019 13:05:21,男性,25歳～29歳,大学・短大・専門学生,まあまあある方だ,,まあまあ好き,小学校時代の算数の時から,,物心がついたときから・気が付いたら,,１、２冊,かなり思う,週１回２時間以上,かなり思う,関数,平面幾何,"授業を聞いて, 数学の本（教科書、参考書を除く）を読んで"
5/19/2019 13:06:02,男性,15歳～19歳,高校生,かなりある方だ,気になる分野が出来た時,かなり好き,中学生後半,,学校の先生がきっかけ,中学の時の授業が1番分かりやすかったから,１、２冊,かなり思う,週１回２時間以上,かなり思う,数列,平面幾何,問題集を解いて
5/19/2019 13:06:21,男性,15歳～19歳,高校生,まあまあある方だ,授業 課題,まあまあ好き,小学校時代の算数の時から,,物心がついたときから・気が付いたら,,３～５冊,かなり思う,隔週１回２時間程度～週１回２時間程度,かなり思う,確率・組み合わせ,集合・論理,"授業を聞いて, 問題集を解いて"
5/19/2019 13:07:31,男性,20歳～24歳,大学・短大・専門学生,かなりある方だ,研究,まあまあ嫌い,,高校卒業後の進学先で（大学・専門学校など）,学校の授業がきっかけ,それ以前に比べ突然理解できなさすぎたため,３～５冊,かなり思う,週１回２時間以上,かなり思う,集合・論理,確率・組み合わせ,"授業を聞いて, 数学の本（教科書、参考書を除く）を読んで"
5/19/2019 13:22:52,女性,40歳～44歳,アルバイト・パート,まあまあある方だ,子どもに教えるため,まあまあ好き,社会人になってから,,わかるようになったから,,０冊,まあまあ思う,月１回２時間程度～隔週１回２時間程度,かなり思う,計算問題,確率・組み合わせ,"授業を聞いて, 問題集を解いて"
5/19/2019 13:23:06,男性,15歳～19歳,大学・短大・専門学生,あまり無い方だ,試験など,まあまあ好き,高校生後半,,学校の授業がきっかけ,,１、２冊,あまり思わない,月１回２時間未満,あまり思わない,微分・積分,関数,"問題集を解いて, 数学の本（教科書、参考書を除く）を読んで"
5/19/2019 13:27:30,男性,20歳～24歳,大学・短大・専門学生,かなりある方だ,,かなり好き,小学校時代の算数の時から,,物心がついたときから・気が付いたら,,２１冊～３０冊,かなり思う,週１回２時間以上,かなり思う,集合・論理,特にない,数学の本（教科書、参考書を除く）を読んで
5/19/2019 13:33:02,男性,15歳～19歳,大学・短大・専門学生,まあまあある方だ,授業,かなり好き,小学校時代の算数の時から,,学校の授業がきっかけ,四則演算で適当な2組の数字から答えが出せるようになったから,６～１０冊,かなり思う,週１回２時間以上,かなり思う,関数,ベクトル,問題集を解いて
5/19/2019 13:37:52,女性,20歳～24歳,大学・短大・専門学生,かなりある方だ,学校,かなり好き,小学校時代の算数の時から,,塾の授業がきっかけ,,６～１０冊,かなり思う,週１回２時間以上,かなり思う,計算問題,平面幾何,"授業を聞いて, 問題集を解いて"
5/19/2019 13:41:35,男性,15歳～19歳,大学・短大・専門学生,かなりある方だ,授業 研究,まあまあ嫌い,,高校生前半,学校の先生がきっかけ,,０冊,まあまあ思う,隔週１回２時間程度～週１回２時間程度,かなり思う,微分・積分,ベクトル,"授業を聞いて, 問題集を解いて, 人から個別に聞いて"
5/19/2019 13:49:21,男性,15歳～19歳,高校生,まあまあある方だ,,まあまあ好き,高校生後半,,学校の授業がきっかけ,理論的に話が進むのが好きだから,０冊,かなり思う,隔週１回２時間程度～週１回２時間程度,まあまあ思う,方程式・不等式,三角比・三角関数,"授業を聞いて, 問題集を解いて"
5/19/2019 13:50:42,女性,50歳～54歳,アルバイト・パート,まあまあある方だ,子どもの勉強を見ることと、日常の計算など,かなり好き,小学校時代の算数の時から,,親や兄弟がきっかけ,,６～１０冊,かなり思う,月１回２時間程度～隔週１回２時間程度,かなり思う,方程式・不等式,三角比・三角関数,"授業を聞いて, 問題集を解いて"
5/19/2019 14:06:10,女性,25歳～29歳,社会人,まあまあある方だ,授業にて,まあまあ好き,小学校入学以前から,,物心がついたときから・気が付いたら,,６～１０冊,かなり思う,月１回２時間程度～隔週１回２時間程度,かなり思う,確率・組み合わせ,ベクトル,"授業を聞いて, 問題集を解いて, 人から個別に聞いて"
5/19/2019 14:06:56,男性,30歳～34歳,社会人,かなりある方だ,教員として、授業をする,かなり好き,小学校入学以前から,,物心がついたときから・気が付いたら,小さい頃から、ものの個数を数えるのが好きだった,３～５冊,かなり思う,隔週１回２時間程度～週１回２時間程度,かなり思う,確率・組み合わせ,微分・積分,"授業を聞いて, 問題集を解いて, 数学の本（教科書、参考書を除く）を読んで"
5/19/2019 14:13:04,男性,20歳～24歳,大学・短大・専門学生,かなりある方だ,授業とか、専門が数学のため,かなり好き,小学校時代の算数の時から,,物心がついたときから・気が付いたら,,３１冊～,かなり思う,週１回２時間以上,かなり思う,集合・論理,微分・積分,"授業を聞いて, 問題集を解いて, 数学の本（教科書、参考書を除く）を読んで"
5/19/2019 14:15:45,女性,45歳～49歳,社会人,あまり無い方だ,子どもの宿題でわからない、教えてと言われたとき。,まあまあ嫌い,小学校入学以前から,高校生前半,テストの点数など,中学までは割と得意だと思っていたが、高校数学は難しいと感じたから。,１、２冊,まあまあ思う,月１回２時間未満,まあまあ思う,方程式・不等式,平面幾何,授業を聞いて
5/19/2019 14:16:47,男性,15歳～19歳,大学・短大・専門学生,かなりある方だ,講義,かなり好き,高校生前半,,動画,,１１冊～２０冊,かなり思う,週１回２時間以上,かなり思う,集合・論理,特にない,"数学の本（教科書、参考書を除く）を読んで, ウェブ"
5/19/2019 14:22:45,男性,15歳～19歳,大学・短大・専門学生,かなりある方だ,授業、時々趣味,かなり好き,小学校入学以前から,,物心がついたときから・気が付いたら,数字の画数が少なかったために平仮名や漢字よりも書く練習をした結果、算数に興味が湧いていった,６～１０冊,まあまあ思う,月１回２時間程度～隔週１回２時間程度,かなり思う,整数問題,立体図形,"授業を聞いて, 問題集を解いて, 数学の本（教科書、参考書を除く）を読んで"
5/19/2019 14:45:33,男性,25歳～29歳,社会人,まあまあある方だ,SNSがメイン。ツイッターでの知り合いの投稿や、YouTubeの動画など。物理エンジンの動画を見るようになってから数学系の動画もおすすめに表示されるようになりました。,かなり好き,小学校入学以前から,,親や兄弟がきっかけ,1÷2、3-4など、幼稚園や小学校低学年のころに学校で教わらないことを親と話しているうちに好きになりました。,６～１０冊,かなり思う,隔週１回２時間程度～週１回２時間程度,かなり思う,集合・論理,ベクトル,"授業を聞いて, 問題集を解いて, 数学の本（教科書、参考書を除く）を読んで"
5/19/2019 14:58:46,男性,15歳～19歳,大学・短大・専門学生,まあまあある方だ,授業,まあまあ好き,中学生後半,,物心がついたときから・気が付いたら,,２１冊～３０冊,かなり思う,週１回２時間以上,まあまあ思う,微分・積分,特にない,"授業を聞いて, 問題集を解いて, 人から個別に聞いて"
5/19/2019 15:00:30,女性,20歳～24歳,大学・短大・専門学生,ほとんど無い、まったく無い,,まあまあ好き,中学生後半,,テストの点数など,ある程度できたから,３～５冊,まあまあ思う,月１回２時間程度～隔週１回２時間程度,まあまあ思う,特にない,特にない,授業を聞いて
5/19/2019 15:03:34,男性,15歳～19歳,高校生,かなりある方だ,授業,まあまあ好き,小学校時代の算数の時から,,本や番組などがきっかけ,,１、２冊,かなり思う,月１回２時間程度～隔週１回２時間程度,かなり思う,平面幾何,平面幾何,"授業を聞いて, 問題集を解いて, 数学の本（教科書、参考書を除く）を読んで, 人から個別に聞いて"
5/19/2019 15:14:07,女性,20歳～24歳,大学・短大・専門学生,かなりある方だ,,まあまあ好き,小学校時代の算数の時から,,親や兄弟がきっかけ,,３～５冊,まあまあ思う,月１回２時間程度～隔週１回２時間程度,かなり思う,方程式・不等式,ベクトル,"授業を聞いて, 問題集を解いて"
5/19/2019 15:18:01,女性,45歳～49歳,社会人,まあまあある方だ,こどもの勉強,まあまあ嫌い,,高校生後半,学校の授業がきっかけ,,１、２冊,かなり思う,月１回２時間程度～隔週１回２時間程度,かなり思う,平面幾何,確率・組み合わせ,"授業を聞いて, 問題集を解いて"
5/19/2019 15:35:17,男性,20歳～24歳,大学・短大・専門学生,まあまあある方だ,講義,まあまあ好き,小学校入学以前から,,物心がついたときから・気が付いたら,,０冊,まあまあ思う,月１回２時間程度～隔週１回２時間程度,まあまあ思う,微分・積分,確率・組み合わせ,"授業を聞いて, 問題集を解いて"
5/19/2019 15:35:58,女性,30歳～34歳,社会人,かなりある方だ,塾講師なので、授業として。,まあまあ好き,社会人になってから,,本や番組などがきっかけ,サイモン・シン著作やNHK「神の数式」を見て。,６～１０冊,まあまあ思う,隔週１回２時間程度～週１回２時間程度,まあまあ思う,関数,ベクトル,"授業を聞いて, 問題集を解いて, 数学の本（教科書、参考書を除く）を読んで, 人から個別に聞いて"
5/19/2019 15:39:41,男性,20歳～24歳,大学・短大・専門学生,かなりある方だ,構造力学、流体力学などにおける計算,まあまあ嫌い,,高校生後半,テストの点数など,,３～５冊,かなり思う,週１回２時間以上,まあまあ思う,数列,三角比・三角関数,"授業を聞いて, 問題集を解いて, 数学の本（教科書、参考書を除く）を読んで"
5/19/2019 15:41:54,女性,30歳～34歳,社会人,あまり無い方だ,AI関連の調べ物、論文の解読にあたり,まあまあ好き,小学校入学以前から,,物心がついたときから・気が付いたら,,３～５冊,まあまあ思う,隔週１回２時間程度～週１回２時間程度,まあまあ思う,平面幾何,数列,"授業を聞いて, 問題集を解いて, 数学の本（教科書、参考書を除く）を読んで"
5/19/2019 15:46:47,女性,35歳～39歳,社会人,ほとんど無い、まったく無い,,かなり嫌い,,小学校時代の算数の時から,物心がついたときから・気が付いたら,理解できないから,０冊,あまり思わない,月１回２時間未満,まあまあ思う,楽しいと思えない,全て,"授業を聞いて, 問題集を解いて, 人から個別に聞いて, 塾に通った"
5/19/2019 15:53:23,男性,45歳～49歳,社会人,ほとんど無い、まったく無い,,まあまあ好き,高校生後半,,塾の授業がきっかけ,,３～５冊,あまり思わない,月１回２時間未満,まあまあ思う,三角比・三角関数,特にない,"授業を聞いて, 問題集を解いて"
5/19/2019 16:12:29,男性,20歳～24歳,大学・短大・専門学生,かなりある方だ,授業 予習 復習,かなり好き,中学生前半,,本や番組などがきっかけ,『数の悪魔 算数・数学が楽しくなる12夜』と『数学ガール』シリーズを読んで,１１冊～２０冊,かなり思う,週１回２時間以上,まあまあ思う,代数的構造の研究,平面幾何,"授業を聞いて, 問題集を解いて, 数学の本（教科書、参考書を除く）を読んで"
5/19/2019 16:16:12,男性,20歳～24歳,大学・短大・専門学生,かなりある方だ,勉学,まあまあ好き,小学校時代の算数の時から,,物心がついたときから・気が付いたら,なんとなくだが少し得意だったことが大きな要因になってると思う,６～１０冊,まあまあ思う,隔週１回２時間程度～週１回２時間程度,かなり思う,特にない,数列,"授業を聞いて, 問題集を解いて, 数学の本（教科書、参考書を除く）を読んで, 人から個別に聞いて"
5/19/2019 17:02:23,男性,20歳～24歳,大学・短大・専門学生,かなりある方だ,講義,まあまあ好き,高校生前半,,テストの点数など,,０冊,まあまあ思う,週１回２時間以上,かなり思う,微分・積分,確率・組み合わせ,授業を聞いて
5/19/2019 18:37:21,男性,30歳～34歳,アルバイト・パート,まあまあある方だ,仕事上で扱う物量と時間の変化の関係を判断する時に使用,かなり好き,中学生前半,,学校の授業がきっかけ,,３１冊～,かなり思う,月１回２時間程度～隔週１回２時間程度,まあまあ思う,微分・積分,平面幾何,"授業を聞いて, 問題集を解いて, 数学の本（教科書、参考書を除く）を読んで"
5/19/2019 18:41:58,男性,20歳～24歳,大学・短大・専門学生,まあまあある方だ,授業,まあまあ好き,高校卒業後の進学先で（大学・専門学校など）,,塾の授業がきっかけ,,１、２冊,まあまあ思う,隔週１回２時間程度～週１回２時間程度,まあまあ思う,集合・論理,ベクトル,"授業を聞いて, 問題集を解いて"
5/19/2019 18:54:59,男性,30歳～34歳,社会人,かなりある方だ,業務上,まあまあ好き,小学校入学以前から,,塾の先生がきっかけ,単純な公式が様々な問題に対して汎用的に使用できる点,３～５冊,まあまあ思う,隔週１回２時間程度～週１回２時間程度,かなり思う,微分・積分,数列,問題集を解いて
5/19/2019 19:49:27,男性,20歳～24歳,大学・短大・専門学生,かなりある方だ,塾でのアルバイト,かなり好き,小学校時代の算数の時から,,物心がついたときから・気が付いたら,,１、２冊,かなり思う,隔週１回２時間程度～週１回２時間程度,かなり思う,微分・積分,平面幾何,"授業を聞いて, 問題集を解いて, 基本的に授業内で自分で問題解いて理解してました テスト勉強はほとんど要りませんでした"
5/19/2019 21:05:46,男性,35歳～39歳,社会人,かなりある方だ,生活に数学がありふれているから,かなり好き,小学校時代の算数の時から,,物心がついたときから・気が付いたら,覚えていません,３１冊～,かなり思う,週１回２時間以上,かなり思う,複数の分野が融合されるようなところ,統計、数学的モデル化,"授業を聞いて, 問題集を解いて, 数学の本（教科書、参考書を除く）を読んで"
5/19/2019 21:20:16,男性,25歳～29歳,社会人,かなりある方だ,ふと数学の問題を解きたくなった時。日常生活で見つけた時。,かなり好き,小学校時代の算数の時から,,物心がついたときから・気が付いたら,小2で算数やってる時に、「あれ？算数って楽しいのでは」と気付き、そこからずっと好きです。,３～５冊,かなり思う,隔週１回２時間程度～週１回２時間程度,かなり思う,微分・積分,平面幾何,"授業を聞いて, 問題集を解いて, 数学の本（教科書、参考書を除く）を読んで"
5/19/2019 21:40:27,男性,15歳～19歳,大学・短大・専門学生,まあまあある方だ,大学の講義や、自分の興味,まあまあ好き,高校生前半,,学校の授業がきっかけ,,３～５冊,かなり思う,月１回２時間程度～隔週１回２時間程度,まあまあ思う,確率・組み合わせ,確率・組み合わせ,"授業を聞いて, 数学の本（教科書、参考書を除く）を読んで, 人から個別に聞いて"
5/19/2019 21:51:09,男性,15歳～19歳,社会人,あまり無い方だ,金銭の計算,まあまあ好き,高校生前半,,テストの点数など,,０冊,かなり思う,隔週１回２時間程度～週１回２時間程度,かなり思う,確率・組み合わせ,微分・積分,"授業を聞いて, 問題集を解いて, 数学の本（教科書、参考書を除く）を読んで"
5/19/2019 21:51:31,男性,20歳～24歳,社会人,かなりある方だ,学術研究,まあまあ好き,中学生前半,,学校の授業がきっかけ,,０冊,まあまあ思う,月１回２時間程度～隔週１回２時間程度,かなり思う,線形代数,特にない,"授業を聞いて, 問題集を解いて"
5/19/2019 21:53:08,女性,20歳～24歳,社会人,あまり無い方だ,雑談の中、仕事中,まあまあ好き,小学校時代の算数の時から,,塾の先生がきっかけ,解けた時が嬉しかった,１、２冊,あまり思わない,月１回２時間程度～隔週１回２時間程度,かなり思う,ベクトル,平面幾何,授業を聞いて
5/19/2019 21:56:07,男性,25歳～29歳,社会人,あまり無い方だ,センター試験を解く時,かなり好き,小学校時代の算数の時から,,物心がついたときから・気が付いたら,百マス計算を親から買い与えられて解いてるうちに好きになりました！,６～１０冊,かなり思う,月１回２時間程度～隔週１回２時間程度,かなり思う,集合・論理,ベクトル,"授業を聞いて, 問題集を解いて, 人から個別に聞いて"
5/19/2019 21:59:47,男性,15歳～19歳,高校生,かなりある方だ,授業、趣味,まあまあ好き,中学生後半,,塾の先生がきっかけ,数学を解くことの気持ちよさに気づいたから,１、２冊,まあまあ思う,週１回２時間以上,まあまあ思う,特にない,数列,"授業を聞いて, 問題集を解いて, 人から個別に聞いて"
5/19/2019 22:10:29,男性,15歳～19歳,大学・短大・専門学生,かなりある方だ,大学の授業など,かなり好き,小学校時代の算数の時から,,物心がついたときから・気が付いたら,,３～５冊,まあまあ思う,隔週１回２時間程度～週１回２時間程度,かなり思う,微分・積分,確率・組み合わせ,"授業を聞いて, 問題集を解いて"
5/19/2019 22:25:14,男性,25歳～29歳,無職,ほとんど無い、まったく無い,,まあまあ好き,中学生後半,,テストの点数など,,３～５冊,まあまあ思う,隔週１回２時間程度～週１回２時間程度,かなり思う,三角比・三角関数,微分・積分,問題集を解いて
5/19/2019 22:25:13,女性,45歳～49歳,アルバイト・パート,まあまあある方だ,仕事が、教育関係なので,まあまあ嫌い,,高校生前半,学校の授業がきっかけ,性格が、雑なので、やり方が分かっていても答えが合わないときがある。,６～１０冊,かなり思う,月１回２時間未満,まあまあ思う,特にない,三角比・三角関数,授業を聞いて
5/19/2019 22:30:48,男性,35歳～39歳,社会人,かなりある方だ,数学の教員をしています,まあまあ好き,小学校時代の算数の時から,,物心がついたときから・気が付いたら,,３１冊～,かなり思う,週１回２時間以上,かなり思う,微分・積分,平面幾何,数学の本（教科書、参考書を除く）を読んで
5/19/2019 22:36:45,男性,45歳～49歳,無職,まあまあある方だ,たまたま出くわすことが多い,かなり好き,小学校時代の算数の時から,,物心がついたときから・気が付いたら,,３１冊～,かなり思う,週１回２時間以上,まったく思わない,特にない,特にない,"授業を聞いて, 問題集を解いて, 数学の本（教科書、参考書を除く）を読んで, 人から個別に聞いて"
5/19/2019 22:37:12,男性,25歳～29歳,社会人,まあまあある方だ,建設業の数量計算,まあまあ好き,小学校時代の算数の時から,,テストの点数など,,０冊,あまり思わない,月１回２時間未満,まあまあ思う,方程式・不等式,微分・積分,"授業を聞いて, 問題集を解いて"
5/19/2019 23:02:07,男性,20歳～24歳,大学・短大・専門学生,かなりある方だ,大学の授業で,まあまあ好き,小学校時代の算数の時から,,学校の授業がきっかけ,解けることの快感/喜び,６～１０冊,かなり思う,隔週１回２時間程度～週１回２時間程度,かなり思う,微分・積分,微分・積分,"授業を聞いて, 問題集を解いて"
5/19/2019 23:21:26,女性,45歳～49歳,無職,ほとんど無い、まったく無い,,まあまあ嫌い,,中学生前半,学校の先生がきっかけ,中学の数学教員に毎日叩かれた,３～５冊,かなり思う,隔週１回２時間程度～週１回２時間程度,まあまあ思う,計算問題,数列,"授業を聞いて, 問題集を解いて"
5/19/2019 23:27:26,女性,30歳～34歳,社会人,ほとんど無い、まったく無い,,まあまあ嫌い,,中学生前半,テストの点数など,,０冊,まあまあ思う,月１回２時間程度～隔週１回２時間程度,まあまあ思う,確率・組み合わせ,方程式・不等式,"授業を聞いて, 問題集を解いて"
5/19/2019 23:34:05,女性,15歳～19歳,大学・短大・専門学生,まあまあある方だ,授業,かなり好き,高校生後半,,問題集,,６～１０冊,まあまあ思う,月１回２時間程度～隔週１回２時間程度,かなり思う,確率・組み合わせ,平面幾何,問題集を解いて
5/19/2019 23:50:45,男性,20歳～24歳,大学・短大・専門学生,かなりある方だ,大学の専攻が数学,まあまあ好き,高校生後半,,学校の先生がきっかけ,高校の数学の先生が、数学好きで、熱心に話してくれたのがきっかけ,３～５冊,かなり思う,週１回２時間以上,まあまあ思う,特にない,特にない,"授業を聞いて, 問題集を解いて"
5/19/2019 23:51:17,男性,20歳～24歳,大学・短大・専門学生,かなりある方だ,バイトの塾講師,かなり好き,小学校時代の算数の時から,,物心がついたときから・気が付いたら,数字ってかっこよくないですか！？,３～５冊,まあまあ思う,隔週１回２時間程度～週１回２時間程度,あまり思わない,数列,特にない,"授業を聞いて, 問題集を解いて, 数学の本（教科書、参考書を除く）を読んで"
5/19/2019 23:52:22,女性,25歳～29歳,社会人,まあまあある方だ,仕事内容が会計に関連するので,まあまあ好き,小学校時代の算数の時から,,物心がついたときから・気が付いたら,,１、２冊,まあまあ思う,月１回２時間未満,まあまあ思う,確率・組み合わせ,関数,"授業を聞いて, 問題集を解いて, 先生に聞いて教えてもらった"
5/20/2019 0:01:51,男性,15歳～19歳,大学・短大・専門学生,まあまあある方だ,,かなり好き,中学生後半,,物心がついたときから・気が付いたら,,３～５冊,かなり思う,月１回２時間程度～隔週１回２時間程度,かなり思う,集合・論理,特にない,"問題集を解いて, 数学の本（教科書、参考書を除く）を読んで, 人から個別に聞いて"
5/20/2019 0:20:10,女性,15歳～19歳,大学・短大・専門学生,あまり無い方だ,レジ計算,まあまあ好き,小学校入学以前から,,物心がついたときから・気が付いたら,,１、２冊,かなり思う,隔週１回２時間程度～週１回２時間程度,かなり思う,方程式・不等式,ベクトル,"授業を聞いて, 問題集を解いて"
5/20/2019 0:21:12,女性,35歳～39歳,社会人,ほとんど無い、まったく無い,,かなり好き,小学校時代の算数の時から,,物心がついたときから・気が付いたら,文系とは違い、暗記があまり意味ないところ。解き方にいろんな方法があるところ。答えがひとつなところ。解けたときの快感。,０冊,かなり思う,,かなり思う,方程式・不等式,計算問題,問題集を解いて
5/20/2019 0:24:27,男性,40歳～44歳,社会人,まあまあある方だ,,まあまあ好き,小学校時代の算数の時から,,学校の授業がきっかけ,,１、２冊,まあまあ思う,月１回２時間程度～隔週１回２時間程度,かなり思う,平面幾何,集合・論理,"授業を聞いて, 問題集を解いて"
5/20/2019 0:25:17,男性,20歳～24歳,大学・短大・専門学生,まあまあある方だ,プログラミング等,まあまあ好き,小学校入学以前から,,テストの点数など,,０冊,まあまあ思う,月１回２時間程度～隔週１回２時間程度,かなり思う,確率・組み合わせ,ベクトル,問題集を解いて
5/20/2019 0:58:59,男性,25歳～29歳,社会人,かなりある方だ,仕事上で計算することが多い,まあまあ好き,小学校時代の算数の時から,,学校の授業がきっかけ,,３～５冊,あまり思わない,月１回２時間未満,かなり思う,関数,確率・組み合わせ,"授業を聞いて, 問題集を解いて"
5/20/2019 1:06:36,男性,20歳～24歳,大学・短大・専門学生,かなりある方だ,個別指導のアルバイト・大学での講義,かなり好き,小学校入学以前から,,物心がついたときから・気が付いたら,自分では覚えていないが、祖母が数について教えてくれていたらしい。それがきっかけなのか、気づいたら簡単な足し算・引き算はできるようになっていた。ピタゴラスイッチが好きだったのも関係あるかも,３１冊～,かなり思う,週１回２時間以上,かなり思う,空間図形,計算問題,"授業を聞いて, 問題集を解いて"
5/20/2019 1:16:41,女性,30歳～34歳,社会人,ほとんど無い、まったく無い,,まあまあ好き,小学校入学以前から,,テストの点数など,点数が取れるから嫌いじゃない→ちゃんと答えが出るの面白くない？変数をいじるとグラフがギュインギュイン飛び回るのめっちゃ面白くない？？？,１、２冊,かなり思う,月１回２時間程度～隔週１回２時間程度,かなり思う,確率・組み合わせ,集合・論理,"授業を聞いて, 問題集を解いて, 人から個別に聞いて"
5/20/2019 1:17:47,男性,20歳～24歳,大学・短大・専門学生,かなりある方だ,大学（理学部）の専門講義,かなり好き,中学生前半,,本や番組などがきっかけ,,１、２冊,かなり思う,隔週１回２時間程度～週１回２時間程度,あまり思わない,集合・論理,計算問題,問題集を解いて
5/20/2019 1:30:28,男性,20歳～24歳,大学・短大・専門学生,あまり無い方だ,授業(経済学部なので),まあまあ好き,高校生後半,,テストの点数など,得意だったので好きになりました。,１、２冊,あまり思わない,,まあまあ思う,平面幾何,特にない,問題集を解いて
5/20/2019 1:43:21,男性,25歳～29歳,社会人,ほとんど無い、まったく無い,,まあまあ嫌い,,中学生前半,テストの点数など,初回テストの点が悪かった,１、２冊,まあまあ思う,月１回２時間未満,まあまあ思う,確率・組み合わせ,微分・積分,"授業を聞いて, 問題集を解いて"
5/20/2019 2:30:45,その他,30歳～34歳,社会人,まあまあある方だ,図面を引くとき,まあまあ好き,小学校入学以前から,,学校の授業がきっかけ,そろばんに通っていたので、学校で九九などが始まったときにすらすらと問題がとけたから。,３～５冊,まあまあ思う,月１回２時間未満,かなり思う,計算問題,三角比・三角関数,"授業を聞いて, 数学の本（教科書、参考書を除く）を読んで"
5/20/2019 2:37:21,男性,20歳～24歳,大学・短大・専門学生,ほとんど無い、まったく無い,,まあまあ好き,,,本や番組などがきっかけ,,３１冊～,かなり思う,隔週１回２時間程度～週１回２時間程度,まったく思わない,集合・論理,特にない,"問題集を解いて, 数学の本（教科書、参考書を除く）を読んで"
5/20/2019 2:46:07,男性,15歳～19歳,大学・短大・専門学生,ほとんど無い、まったく無い,,かなり嫌い,,中学生後半,テストの点数など,,０冊,まあまあ思う,月１回２時間程度～隔週１回２時間程度,かなり思う,特にない,関数,"授業を聞いて, 問題集を解いて"
5/20/2019 2:51:04,女性,25歳～29歳,社会人,あまり無い方だ,,まあまあ好き,小学校時代の算数の時から,,そろばんを習い始めてから。,そろばんを習ってある程度計算できるようになってから楽しくなりました。,１、２冊,まあまあ思う,月１回２時間程度～隔週１回２時間程度,かなり思う,計算問題,関数,"授業を聞いて, 問題集を解いて, 数学の本（教科書、参考書を除く）を読んで"
5/20/2019 3:00:07,男性,15歳～19歳,高校生,かなりある方だ,授業、受験勉強,かなり好き,中学生後半,,本や番組などがきっかけ,,１、２冊,かなり思う,週１回２時間以上,まあまあ思う,微分・積分,確率・組み合わせ,"授業を聞いて, 問題集を解いて"
5/20/2019 3:15:32,男性,20歳～24歳,大学・短大・専門学生,かなりある方だ,講義、ゼミ,まあまあ好き,小学校時代の算数の時から,,テストの点数など,どんなやり方をしても正しければ答えは定まるから,６～１０冊,かなり思う,月１回２時間程度～隔週１回２時間程度,まったく思わない,微分・積分,数列,"授業を聞いて, 問題集を解いて"
5/20/2019 3:20:17,女性,30歳～34歳,社会人,あまり無い方だ,買い物や、費用計上、予算組みなど,まあまあ嫌い,,小学校時代の算数の時から,親や兄弟がきっかけ,長期休暇中、学校の宿題とは別に母が買ってきたドリルが難しく、間違えると怒られたため,１、２冊,まあまあ思う,月１回２時間未満,まあまあ思う,計算問題,平面幾何,"授業を聞いて, 問題集を解いて"
5/20/2019 3:26:49,男性,20歳～24歳,大学・短大・専門学生,まあまあある方だ,大学の講義,まあまあ好き,高校生後半,,塾の授業がきっかけ,,１、２冊,まあまあ思う,月１回２時間程度～隔週１回２時間程度,かなり思う,微分・積分,特にない,問題集を解いて
5/20/2019 3:43:38,女性,25歳～29歳,社会人,かなりある方だ,,かなり好き,中学生後半,,親や兄弟がきっかけ,それまで解らなかった問題が解けた時(「解らない」が「解った」になった瞬間),０冊,かなり思う,隔週１回２時間程度～週１回２時間程度,かなり思う,確率・組み合わせ,ベクトル,"授業を聞いて, 人から個別に聞いて"
5/20/2019 3:57:50,男性,20歳～24歳,アルバイト・パート,ほとんど無い、まったく無い,,まあまあ好き,社会人になってから,,本や番組などがきっかけ,,１、２冊,かなり思う,週１回２時間以上,まあまあ思う,証明,微分・積分,"授業を聞いて, 問題集を解いて"
5/20/2019 4:06:34,男性,20歳～24歳,大学・短大・専門学生,あまり無い方だ,Twitterでフォローしてる「指笛さん」のツイートでたまに見かける,まあまあ好き,小学校時代の算数の時から,,学校の授業がきっかけ,,０冊,かなり思う,隔週１回２時間程度～週１回２時間程度,まあまあ思う,微分・積分,ベクトル,"授業を聞いて, 問題集を解いて"
5/20/2019 4:16:56,女性,20歳～24歳,大学・短大・専門学生,あまり無い方だ,,まあまあ好き,高校生前半,,学校の授業がきっかけ,,０冊,かなり思う,週１回２時間以上,かなり思う,関数,微分・積分,"授業を聞いて, 問題集を解いて, 数学の本（教科書、参考書を除く）を読んで"
5/20/2019 4:27:08,女性,20歳～24歳,大学・短大・専門学生,まあまあある方だ,授業,まあまあ好き,小学校時代の算数の時から,,物心がついたときから・気が付いたら,答えに辿り着くまでの計算方法がいっぱいあるから,１、２冊,まあまあ思う,隔週１回２時間程度～週１回２時間程度,まあまあ思う,確率・組み合わせ,微分・積分,"授業を聞いて, 人から個別に聞いて"
5/20/2019 4:43:59,女性,25歳～29歳,社会人,まあまあある方だ,仕事で使用(メーカーでの研究開発),まあまあ好き,中学生後半,,学校の授業がきっかけ,ドリルの文章問題や図形の問題が解けるようになるのが楽しくて,６～１０冊,かなり思う,隔週１回２時間程度～週１回２時間程度,かなり思う,平面幾何,ベクトル,問題集を解いて
5/20/2019 4:44:05,女性,45歳～49歳,社会人,まあまあある方だ,,まあまあ好き,中学生前半,,物心がついたときから・気が付いたら,面白いから,１、２冊,かなり思う,隔週１回２時間程度～週１回２時間程度,まあまあ思う,微分・積分,微分・積分,"授業を聞いて, 問題集を解いて"
5/20/2019 5:05:45,女性,50歳～54歳,社会人,ほとんど無い、まったく無い,,まあまあ嫌い,中学生後半,中学生後半,学校の授業がきっかけ,,０冊,まあまあ思う,月１回２時間未満,かなり思う,方程式・不等式,微分・積分,問題集を解いて
5/20/2019 5:17:50,男性,45歳～49歳,社会人,あまり無い方だ,,まあまあ好き,中学生後半,,学校の授業がきっかけ,,３～５冊,まあまあ思う,月１回２時間未満,かなり思う,三角比・三角関数,微分・積分,授業を聞いて
5/20/2019 5:49:08,男性,15歳～19歳,高校生,かなりある方だ,授業,かなり好き,中学生前半,,学校の先生がきっかけ,,６～１０冊,かなり思う,週１回２時間以上,かなり思う,関数,確率・組み合わせ,問題集を解いて